"TouristSpotId","TourApiContentId","Name","Address","Status","Provider","ProviderItemName","ImageUrl","SourcePageUrl","LicenseCode","LicenseUrl","Attribution","ImageDescription","HttpStatus","ContentType","VerifiedAt","Notes"
"399","130917","동신대학교 대정문화박물관","전남광주통합특별시 나주시 동신대길 67 (대호동)","NO_VERIFIED_IMAGE","","","","","","","","","","","2026-09-15","공식·공개 라이선스 이미지 후보를 확인하지 못함"
"796","2638436","영종역사관","인천광역시 영종구 구읍로 63","APPROVED","인천광역시 영종구청","영종역사관","https://www.yeongjong.go.kr/other/attach/process.file.do?TP=dn&out=inline&w=1000&sn=30946&key=3B733D3D2EADEDA","https://www.yeongjong.go.kr/tour/regional_tour/yeongjong/view.do?trspt_sn=217","KOGL_TYPE_1","https://www.kogl.or.kr/info/licenseType1.do","출처: 인천광역시 영종구청 (공공누리 제1유형)","영종역사관 관광지 이미지","200","image/jpeg","2026-09-15","장소명·주소·페이지 라이선스·이미지 응답 확인. 동적 URL이므로 장기 핫링크 금지"
"1969","1613706","관덕정 순교기념관","대구광역시 중구 관덕정길 11","NO_VERIFIED_IMAGE","","","","","","","","","","","2026-09-15","공식·공개 라이선스 이미지 후보를 확인하지 못함"
"2131","2369504","박경리 기념관","경상남도 통영시 산양읍 산양중앙로 173","NO_VERIFIED_IMAGE","","","","","","","","","","","2026-09-15","공식·공개 라이선스 이미지 후보를 확인하지 못함"
"2561","127204","장성 입암산성","전남광주통합특별시 장성군 북하면 신성리 산 20","APPROVED","국가유산청 국가유산포털","장성 입암산성","https://www.khs.go.kr/unisearch/images/history_site/1627205.jpg","https://www.heritage.go.kr/heri/cul/culSelectDetail.do?ccbaAsno=0003840000000&ccbaCtcd=36&ccbaKdcd=13&pageNo=1_1_1_0","KHS_IMAGE_NURI_A","https://www.heritage.go.kr/heri/html/HtmlPage.do?pageNo=1_5_1_0","출처: 국가유산청 국가유산포털","장성 입암산성 성벽","206","image/jpg","2026-09-15","이름·소재지 자동 대조 점수 130; 검색어 '장성 입암산성'; imageNuri=A"
"2833","250419","광심정","경상남도 함안군 칠북면 봉촌2길 277","APPROVED","국가유산청 국가유산포털","함안 광심정","https://www.khs.go.kr/unisearch/images/cultural_material/1664355.jpg","https://www.heritage.go.kr/heri/cul/culSelectDetail.do?ccbaAsno=0002170000000&ccbaCtcd=38&ccbaKdcd=31&pageNo=1_1_1_0","KHS_IMAGE_NURI_A","https://www.heritage.go.kr/heri/html/HtmlPage.do?pageNo=1_5_1_0","출처: 국가유산청 국가유산포털","광심정","206","image/jpg","2026-09-15","이름·소재지 자동 대조 점수 90; 검색어 '광심정'; imageNuri=A"
"3176","126543","양주 온릉(단경왕후) [유네스코 세계유산]","경기도 양주시 장흥면 호국로 255-41","APPROVED","국가유산청 국가유산포털","양주 온릉","https://www.khs.go.kr/unisearch/images/history_site/2020081410552200.jpg","https://www.heritage.go.kr/heri/cul/culSelectDetail.do?ccbaAsno=0002100000000&ccbaCtcd=31&ccbaKdcd=13&pageNo=1_1_1_0","KHS_IMAGE_NURI_A","https://www.heritage.go.kr/heri/html/HtmlPage.do?pageNo=1_5_1_0","출처: 국가유산청 국가유산포털","양주 온릉_능침","206","image/jpg","2026-09-15","이름·소재지 자동 대조 점수 130; 검색어 '양주 온릉'; imageNuri=A"
"4494","1619375","조병수 가옥","인천광역시 영종구 용유로380번길 21","CONDITIONAL","국가유산청 국가유산포털","남북동 조병수 가옥","https://www.khs.go.kr/unisearch/images/cultural_material/1659563.jpg","https://www.heritage.go.kr/heri/cul/culSelectDetail.do?ccbaAsno=0000160000000&ccbaCtcd=23&ccbaKdcd=31&pageNo=1_1_1_0","KHS_IMAGE_NURI_D","https://www.heritage.go.kr/heri/html/HtmlPage.do?pageNo=1_5_1_0","출처: 국가유산청 국가유산포털","조병수가옥전경","206","image/jpg","2026-09-15","이름·소재지 자동 대조 점수 90; 검색어 '조병수 가옥'; imageNuri=D"
"4501","1622343","화담사","전남광주통합특별시 서구 화운로156번길 17-8 (화정동)","APPROVED","국가유산청 국가유산포털","화담사","https://www.khs.go.kr/unisearch/images/monument/1645761.jpg","https://www.heritage.go.kr/heri/cul/culSelectDetail.do?ccbaAsno=0000180000000&ccbaCtcd=52&ccbaKdcd=23&pageNo=1_1_1_0","KHS_IMAGE_NURI_A","https://www.heritage.go.kr/heri/html/HtmlPage.do?pageNo=1_5_1_0","출처: 국가유산청 국가유산포털","화담사","206","image/jpg","2026-09-15","이름·소재지 자동 대조 점수 130; 검색어 '화담사'; imageNuri=A"
"4573","127661","화순향교","전남광주통합특별시 화순군 화순읍 교동2길 14","APPROVED","국가유산청 국가유산포털","화순향교대성전","https://www.khs.go.kr/unisearch/images/tangible_cult_prop/1639905.jpg","https://www.heritage.go.kr/heri/cul/culSelectDetail.do?ccbaAsno=0000630000000&ccbaCtcd=36&ccbaKdcd=21&pageNo=1_1_1_0","KHS_IMAGE_NURI_A","https://www.heritage.go.kr/heri/html/HtmlPage.do?pageNo=1_5_1_0","출처: 국가유산청 국가유산포털","화순향교(대성전)","206","image/jpg","2026-09-15","이름·소재지 자동 대조 점수 90; 검색어 '화순향교'; imageNuri=A"
"4733","742537","무진고성지","전남광주통합특별시 북구 무진성길 190","APPROVED","국가유산청 국가유산포털","무진고성지","https://www.khs.go.kr/unisearch/images/monument/1645754.jpg","https://www.heritage.go.kr/heri/cul/culSelectDetail.do?ccbaAsno=0000140000000&ccbaCtcd=24&ccbaKdcd=23&pageNo=1_1_1_0","KHS_IMAGE_NURI_A","https://www.heritage.go.kr/heri/html/HtmlPage.do?pageNo=1_5_1_0","출처: 국가유산청 국가유산포털","무진고성지","206","image/jpg","2026-09-15","이름·소재지 자동 대조 점수 130; 검색어 '무진고성지'; imageNuri=A"
"4827","1957440","옥계서원(순천)","전남광주통합특별시 순천시 명말2길 20","APPROVED","국가유산청 국가유산포털","옥계서원","https://www.khs.go.kr/unisearch/images/cultural_material/2021111109155000.JPG","https://www.heritage.go.kr/heri/cul/culSelectDetail.do?ccbaAsno=0000050000000&ccbaCtcd=36&ccbaKdcd=31&pageNo=1_1_1_0","KHS_IMAGE_NURI_A","https://www.heritage.go.kr/heri/html/HtmlPage.do?pageNo=1_5_1_0","출처: 국가유산청 국가유산포털","옥계서원_공적비1 (촬영년도 : 2015년)","206","image/jpg","2026-09-15","이름·소재지 자동 대조 점수 130; 검색어 '옥계서원'; imageNuri=A"
"5568","127351","능주향교","전남광주통합특별시 화순군 능주면 교촌길 36 ","APPROVED","국가유산청 국가유산포털","능주향교","https://www.khs.go.kr/unisearch/images/tangible_cult_prop/1639986.jpg","https://www.heritage.go.kr/heri/cul/culSelectDetail.do?ccbaAsno=0001240000000&ccbaCtcd=36&ccbaKdcd=21&pageNo=1_1_1_0","KHS_IMAGE_NURI_A","https://www.heritage.go.kr/heri/html/HtmlPage.do?pageNo=1_5_1_0","출처: 국가유산청 국가유산포털","능주향교(대성전)","206","image/jpg","2026-09-15","이름·소재지 자동 대조 점수 130; 검색어 '능주향교'; imageNuri=A"
"5594","127756","하의도 토지항쟁비","전남광주통합특별시 신안군 하의면 하의로 115","NO_VERIFIED_IMAGE","","","","","","","","","","","2026-09-15","공식·공개 라이선스 이미지 후보를 확인하지 못함"
"5736","129777","한국대나무박물관","전남광주통합특별시 담양군 담양읍 죽향문화로 35","NO_VERIFIED_IMAGE","","","","","","","","","","","2026-09-15","공식·공개 라이선스 이미지 후보를 확인하지 못함"
"5744","130066","남농기념관","전남광주통합특별시 목포시 남농로 119 (용해동)","NO_VERIFIED_IMAGE","","","","","","","","","","","2026-09-15","공식·공개 라이선스 이미지 후보를 확인하지 못함"
"5971","589639","나절로미술관","전남광주통합특별시 진도군 임회면 진도대로 3886","NO_VERIFIED_IMAGE","","","","","","","","","","","2026-09-15","공식·공개 라이선스 이미지 후보를 확인하지 못함"
"6197","1624505","해남 민정기 가옥","전남광주통합특별시 해남군 해남읍 백야길 36","APPROVED","국가유산청 국가유산포털","해남민정기가옥","https://www.khs.go.kr/unisearch/images/cultural_material/2021120810245000.JPG","https://www.heritage.go.kr/heri/cul/culSelectDetail.do?ccbaAsno=0001860000000&ccbaCtcd=36&ccbaKdcd=31&pageNo=1_1_1_0","KHS_IMAGE_NURI_A","https://www.heritage.go.kr/heri/html/HtmlPage.do?pageNo=1_5_1_0","출처: 국가유산청 국가유산포털","해남민정기가옥_곳간채 (촬영년도 : 2015년)","206","image/jpg","2026-09-15","이름·소재지 자동 대조 점수 130; 검색어 '해남 민정기 가옥'; imageNuri=A"
"6199","1624517","해남윤씨 추원당","전남광주통합특별시 강진군 도암면 강성길 77","APPROVED","국가유산청 국가유산포털","해남윤씨추원당","https://www.khs.go.kr/unisearch/images/folklore_material/2021121616473100.JPG","https://www.heritage.go.kr/heri/cul/culSelectDetail.do?ccbaAsno=0000290000000&ccbaCtcd=36&ccbaKdcd=24&pageNo=1_1_1_0","KHS_IMAGE_NURI_A","https://www.heritage.go.kr/heri/html/HtmlPage.do?pageNo=1_5_1_0","출처: 국가유산청 국가유산포털","해남윤씨추원당_계단 (촬영년도 : 2015년)","206","image/jpg","2026-09-15","이름·소재지 자동 대조 점수 125; 검색어 '해남윤씨 추원당'; imageNuri=A"
"6242","1954848","남평향교","전남광주통합특별시 나주시 남평읍 남평향교길 45-12","APPROVED","국가유산청 국가유산포털","남평향교","https://www.khs.go.kr/unisearch/images/tangible_cult_prop/1639991.jpg","https://www.heritage.go.kr/heri/cul/culSelectDetail.do?ccbaAsno=0001260000000&ccbaCtcd=36&ccbaKdcd=21&pageNo=1_1_1_0","KHS_IMAGE_NURI_A","https://www.heritage.go.kr/heri/html/HtmlPage.do?pageNo=1_5_1_0","출처: 국가유산청 국가유산포털","남평향교(명륜당)","206","image/jpg","2026-09-15","이름·소재지 자동 대조 점수 130; 검색어 '남평향교'; imageNuri=A"
"6370","2553893","혜명단청박물관","인천광역시 제물포구 신포로15번길 48","APPROVED_REHOST_REQUIRED","Openverse/wikimedia","혜명단청박물관","https://upload.wikimedia.org/wikipedia/commons/1/1d/%ED%98%9C%EB%AA%85%EB%8B%A8%EC%B2%AD%EB%B0%95%EB%AC%BC%EA%B4%80.jpg","https://commons.wikimedia.org/w/index.php?curid=84465887","BY-SA","https://creativecommons.org/licenses/by-sa/3.0/","작가: 이강철; 원문과 라이선스 재확인 필요","혜명단청박물관","429","text/html","2026-09-15","Wikimedia Commons 원문 API에서 장소 설명·작가·라이선스 확인. CDN 핫링크 대신 자체 저장 필요"
"6456","2613176","현부자네 집","전남광주통합특별시 보성군 벌교읍 홍암로 89-28","NO_VERIFIED_IMAGE","","","","","","","","","","","2026-09-15","공식·공개 라이선스 이미지 후보를 확인하지 못함"
"6864","2784213","담양곤충박물관","전남광주통합특별시 담양군 담양읍 담양88로 428","NO_VERIFIED_IMAGE","","","","","","","","","","","2026-09-15","공식·공개 라이선스 이미지 후보를 확인하지 못함"
"7540","3076980","시에그린한국시화박물관","전남광주통합특별시 진도군 임회면 죽림길 97","NO_VERIFIED_IMAGE","","","","","","","","","","","2026-09-15","공식·공개 라이선스 이미지 후보를 확인하지 못함"
"9099","2933508","유동룡미술관","제주특별자치도 제주시 용금로 906-10","NO_VERIFIED_IMAGE","","","","","","","","","","","2026-09-15","공식·공개 라이선스 이미지 후보를 확인하지 못함"
"9317","130072","아트선재센터","서울특별시 종로구 율곡로3길 87 (소격동)","NO_VERIFIED_IMAGE","","","","","","","","","","","2026-09-15","공식·공개 라이선스 이미지 후보를 확인하지 못함"
"9684","590237","교과서박물관","세종특별자치시 연동면 청연로 492-14","NO_VERIFIED_IMAGE","","","","","","","","","","","2026-09-15","공식·공개 라이선스 이미지 후보를 확인하지 못함"
"11212","915542","최호장군유지","전북특별자치도 군산시 개정면 원발산길 33-2","CONDITIONAL","국가유산청 국가유산포털","최호장군유지","https://www.khs.go.kr/unisearch/images/monument/1653408.jpg","https://www.heritage.go.kr/heri/cul/culSelectDetail.do?ccbaAsno=0000320000000&ccbaCtcd=35&ccbaKdcd=23&pageNo=1_1_1_0","KHS_IMAGE_NURI_D","https://www.heritage.go.kr/heri/html/HtmlPage.do?pageNo=1_5_1_0","출처: 국가유산청 국가유산포털","최호장군유지","206","image/jpg","2026-09-15","이름·소재지 자동 대조 점수 130; 검색어 '최호장군유지'; imageNuri=D"
"11528","1958226","동산서당(경산)","경상북도 경산시 남천면 남천로 780-15","NO_VERIFIED_IMAGE","","","","","","","","","","","2026-09-15","공식·공개 라이선스 이미지 후보를 확인하지 못함"
"11639","1620863","양금석가옥","제주특별자치도 서귀포시 남원읍 신례로298번길 3-6","APPROVED","국가유산청 국가유산포털","양금석가옥","https://www.khs.go.kr/unisearch/images/folklore_material/1659215.jpg","https://www.heritage.go.kr/heri/cul/culSelectDetail.do?ccbaAsno=0000030004500&ccbaCtcd=50&ccbaKdcd=24&pageNo=1_1_1_0","KHS_IMAGE_NURI_A","https://www.heritage.go.kr/heri/html/HtmlPage.do?pageNo=1_5_1_0","출처: 국가유산청 국가유산포털","양금석초가","206","image/jpg","2026-09-15","이름·소재지 자동 대조 점수 130; 검색어 '양금석가옥'; imageNuri=A"
"11787","1928731","뒤웅박고을","세종특별자치시 전동면 배일길 90-43","NO_VERIFIED_IMAGE","","","","","","","","","","","2026-09-15","공식·공개 라이선스 이미지 후보를 확인하지 못함"
"12266","1959509","호안다구박물관","강원특별자치도 영월군 김삿갓면 내리계곡로 1088","NO_VERIFIED_IMAGE","","","","","","","","","","","2026-09-15","공식·공개 라이선스 이미지 후보를 확인하지 못함"
"21002","128649","성혼선생묘","경기도 파주시 파주읍 향양리","APPROVED","국가유산청 국가유산포털","성혼선생묘","https://www.khs.go.kr/unisearch/images/monument/1646125.jpg","https://www.heritage.go.kr/heri/cul/culSelectDetail.do?ccbaAsno=0000590000000&ccbaCtcd=31&ccbaKdcd=23&pageNo=1_1_1_0","KHS_IMAGE_NURI_A","https://www.heritage.go.kr/heri/html/HtmlPage.do?pageNo=1_5_1_0","출처: 국가유산청 국가유산포털","성혼선생묘","206","image/jpg","2026-09-15","이름·소재지 자동 대조 점수 130; 검색어 '성혼선생묘'; imageNuri=A"
"22899","250261","경주 남산 불곡 마애여래좌상","경상북도 경주시 인왕동","APPROVED","국가유산청 국가유산포털","경주 남산 불곡 마애여래좌상","https://www.khs.go.kr/unisearch/images/treasure/1620510.jpg","https://www.heritage.go.kr/heri/cul/culSelectDetail.do?ccbaAsno=0001980000000&ccbaCtcd=37&ccbaKdcd=12&pageNo=1_1_1_0","KHS_IMAGE_NURI_A","https://www.heritage.go.kr/heri/html/HtmlPage.do?pageNo=1_5_1_0","출처: 국가유산청 국가유산포털","경주 남산 불곡 마애여래좌상","206","image/jpg","2026-09-15","이름·소재지 자동 대조 점수 130; 검색어 '경주 남산 불곡 마애여래좌상'; imageNuri=A"
"23969","2783373","자부마을","경상남도 통영시 욕지면 동항리","NO_VERIFIED_IMAGE","","","","","","","","","","","2026-09-15","공식·공개 라이선스 이미지 후보를 확인하지 못함"
"24273","126662","충렬사(통영)","경상남도 통영시 여황로 251","NO_VERIFIED_IMAGE","","","","","","","","","","","2026-09-15","공식·공개 라이선스 이미지 후보를 확인하지 못함"
"24291","3531662","최선평 가옥","강원특별자치도 강릉시 주문진읍 신리천로 342","APPROVED","국가유산청 국가유산포털","강릉최선평가옥","https://www.khs.go.kr/unisearch/images/cultural_material/1660487.jpg","https://www.heritage.go.kr/heri/cul/culSelectDetail.do?ccbaAsno=0000810000000&ccbaCtcd=32&ccbaKdcd=31&pageNo=1_1_1_0","KHS_IMAGE_NURI_A","https://www.heritage.go.kr/heri/html/HtmlPage.do?pageNo=1_5_1_0","출처: 국가유산청 국가유산포털","최선평가옥","206","image/jpg","2026-09-15","이름·소재지 자동 대조 점수 90; 검색어 '최선평 가옥'; imageNuri=A"
"24297","3543287","신사임당사친시비","강원특별자치도 강릉시 성산면 삼포암길 133","NO_VERIFIED_IMAGE","","","","","","","","","","","2026-09-15","공식·공개 라이선스 이미지 후보를 확인하지 못함"
"24390","919605","황희선생묘","경기도 파주시 탄현면 정승로88번길 23-73","APPROVED","국가유산청 국가유산포털","황희선생묘","https://www.khs.go.kr/unisearch/images/monument/1646032.jpg","https://www.heritage.go.kr/heri/cul/culSelectDetail.do?ccbaAsno=0000340000000&ccbaCtcd=31&ccbaKdcd=23&pageNo=1_1_1_0","KHS_IMAGE_NURI_A","https://www.heritage.go.kr/heri/html/HtmlPage.do?pageNo=1_5_1_0","출처: 국가유산청 국가유산포털","황희선생묘","206","image/jpg","2026-09-15","이름·소재지 자동 대조 점수 130; 검색어 '황희선생묘'; imageNuri=A"
"24453","250317","홍성상하리미륵불","충청남도 홍성군 홍북읍 상하리","APPROVED","국가유산청 국가유산포털","홍성상하리미륵불","https://www.khs.go.kr/unisearch/images/tangible_cult_prop/1639144.jpg","https://www.heritage.go.kr/heri/cul/culSelectDetail.do?ccbaAsno=0000870000000&ccbaCtcd=34&ccbaKdcd=21&pageNo=1_1_1_0","KHS_IMAGE_NURI_A","https://www.heritage.go.kr/heri/html/HtmlPage.do?pageNo=1_5_1_0","출처: 국가유산청 국가유산포털","홍성 상하리 미륵불","206","image/jpg","2026-09-15","이름·소재지 자동 대조 점수 130; 검색어 '홍성상하리미륵불'; imageNuri=A"
"24461","250277","파주 덕은리 주거지와 지석묘군","경기도 파주시 월롱면 덕은리","APPROVED","국가유산청 국가유산포털","파주 덕은리 주거지와 지석묘군","https://www.khs.go.kr/unisearch/images/history_site/1625491.jpg","https://www.heritage.go.kr/heri/cul/culSelectDetail.do?ccbaAsno=0001480000000&ccbaCtcd=31&ccbaKdcd=13&pageNo=1_1_1_0","KHS_IMAGE_NURI_A","https://www.heritage.go.kr/heri/html/HtmlPage.do?pageNo=1_5_1_0","출처: 국가유산청 국가유산포털","파주덕은리주거지 및 지석묘군","206","image/jpg","2026-09-15","이름·소재지 자동 대조 점수 130; 검색어 '파주 덕은리 주거지와 지석묘군'; imageNuri=A"
"24559","3047038","홍성 신경리 마애여래입상","충청남도 홍성군 홍북읍 신경리","APPROVED","국가유산청 국가유산포털","홍성 신경리 마애여래입상","https://www.khs.go.kr/unisearch/images/treasure/1617703.jpg","https://www.heritage.go.kr/heri/cul/culSelectDetail.do?ccbaAsno=0003550000000&ccbaCtcd=34&ccbaKdcd=12&pageNo=1_1_1_0","KHS_IMAGE_NURI_A","https://www.heritage.go.kr/heri/html/HtmlPage.do?pageNo=1_5_1_0","출처: 국가유산청 국가유산포털","홍성 신경리마애석불","206","image/jpg","2026-09-15","이름·소재지 자동 대조 점수 130; 검색어 '홍성 신경리 마애여래입상'; imageNuri=A"
"24753","250394","행주서원","경기도 고양시 덕양구 행주산성로 127-17 (행주외동)","APPROVED","국가유산청 국가유산포털","행주서원지","https://www.khs.go.kr/unisearch/images/cultural_material/1660079.jpg","https://www.heritage.go.kr/heri/cul/culSelectDetail.do?ccbaAsno=0000710000000&ccbaCtcd=31&ccbaKdcd=31&pageNo=1_1_1_0","KHS_IMAGE_NURI_A","https://www.heritage.go.kr/heri/html/HtmlPage.do?pageNo=1_5_1_0","출처: 국가유산청 국가유산포털","강당","206","image/jpg","2026-09-15","이름·소재지 자동 대조 점수 90; 검색어 '행주서원'; imageNuri=A"
"24790","753964","순명비 유강원 석물","서울특별시 광진구 능동","APPROVED","국가유산청 국가유산포털","순명비 유강원 석물","https://www.khs.go.kr/unisearch/images/tangible_cult_prop/2590171.jpg","https://www.heritage.go.kr/heri/cul/culSelectDetail.do?ccbaAsno=0001340000000&ccbaCtcd=11&ccbaKdcd=21&pageNo=1_1_1_0","KHS_IMAGE_NURI_A","https://www.heritage.go.kr/heri/html/HtmlPage.do?pageNo=1_5_1_0","출처: 국가유산청 국가유산포털","순명비 유강원 석물","206","image/jpg","2026-09-15","이름·소재지 자동 대조 점수 130; 검색어 '순명비 유강원 석물'; imageNuri=A"
"24822","1612615","모명재","대구광역시 수성구 달구벌대로525길 14-23 (만촌동)","NO_VERIFIED_IMAGE","","","","","","","","","","","2026-09-15","공식·공개 라이선스 이미지 후보를 확인하지 못함"
"24872","2551494","홍주성역사관","충청남도 홍성군 홍성읍 아문길 20","NO_VERIFIED_IMAGE","","","","","","","","","","","2026-09-15","공식·공개 라이선스 이미지 후보를 확인하지 못함"
"25029","3079415","홍주천년기념탑","충청남도 홍성군 홍성읍 옥암리","NO_VERIFIED_IMAGE","","","","","","","","","","","2026-09-15","공식·공개 라이선스 이미지 후보를 확인하지 못함"
"25161","126897","강릉 대공산성","강원특별자치도 강릉시 성산면 보현길 396","APPROVED","국가유산청 국가유산포털","강릉대공산성","https://www.khs.go.kr/unisearch/images/monument/1647864.jpg","https://www.heritage.go.kr/heri/cul/culSelectDetail.do?ccbaAsno=0000280000000&ccbaCtcd=32&ccbaKdcd=23&pageNo=1_1_1_0","KHS_IMAGE_NURI_A","https://www.heritage.go.kr/heri/html/HtmlPage.do?pageNo=1_5_1_0","출처: 국가유산청 국가유산포털","대공산성","206","image/jpg","2026-09-15","이름·소재지 자동 대조 점수 130; 검색어 '강릉 대공산성'; imageNuri=A"
"25181","128759","강릉 수리골 고택","강원특별자치도 강릉시 운정길 125","APPROVED","국가유산청 국가유산포털","강릉 수리골 고택","https://www.khs.go.kr/unisearch/images/tangible_cult_prop/1638057.jpg","https://www.heritage.go.kr/heri/cul/culSelectDetail.do?ccbaAsno=0000790000000&ccbaCtcd=32&ccbaKdcd=21&pageNo=1_1_1_0","KHS_IMAGE_NURI_A","https://www.heritage.go.kr/heri/html/HtmlPage.do?pageNo=1_5_1_0","출처: 국가유산청 국가유산포털","심상진가옥","206","image/jpg","2026-09-15","이름·소재지 자동 대조 점수 130; 검색어 '강릉 수리골 고택'; imageNuri=A; 재시도에서 HTTP 206 image/jpg 확인"
"25284","1955169","함창향교","경상북도 상주시 함창읍 무운로 1557-4","NO_VERIFIED_IMAGE","","","","","","","","","","","2026-09-15","국가유산청 목록 API 오류: 대상 컴퓨터에서 연결을 거부했으므로 연결하지 못했습니다. (www.cha.go.kr:443)"
"25471","1954183","양근향교","경기도 양평군 옥천면 향교길 45","APPROVED","국가유산청 국가유산포털","양근향교","https://www.khs.go.kr/unisearch/images/cultural_material/1659918.jpg","https://www.heritage.go.kr/heri/cul/culSelectDetail.do?ccbaAsno=0000190000000&ccbaCtcd=31&ccbaKdcd=31&pageNo=1_1_1_0","KHS_IMAGE_NURI_A","https://www.heritage.go.kr/heri/html/HtmlPage.do?pageNo=1_5_1_0","출처: 국가유산청 국가유산포털","서재","206","image/jpg","2026-09-15","오류 재시도 완료; 공식 명칭·시군구·이미지 응답 확인"
"25530","1337616","태백 고생대 자연사박물관","강원특별자치도 태백시 태백로 2249 (동점동)","NO_VERIFIED_IMAGE","","","","","","","","","","","2026-09-15","국가유산청 목록 API 오류: 대상 컴퓨터에서 연결을 거부했으므로 연결하지 못했습니다. (www.cha.go.kr:443)"
"25741","127657","화석정","경기도 파주시 파평면 화석정로 152-72","APPROVED_REHOST_REQUIRED","Openverse/wikimedia","화석정","https://upload.wikimedia.org/wikipedia/commons/0/0f/%ED%99%94%EC%84%9D%EC%A0%95.jpg","https://commons.wikimedia.org/w/index.php?curid=51441973","BY-SA","https://creativecommons.org/licenses/by-sa/4.0/","작가: Cuhullin; 원문과 라이선스 재확인 필요","화석정","429","text/html","2026-09-15","Wikimedia Commons 원문 API에서 장소 설명·작가·라이선스 확인. CDN 핫링크 대신 자체 저장 필요"
"25766","130685","자유수호평화박물관","경기도 동두천시 평화로2910번길 96-63","NO_VERIFIED_IMAGE","","","","","","","","","","","2026-09-15","국가유산청 목록 API 오류: 대상 컴퓨터에서 연결을 거부했으므로 연결하지 못했습니다. (www.cha.go.kr:443)"
"26487","1959820","상봉서원","경상남도 함안군 칠원읍 유원1길 32","NO_VERIFIED_IMAGE","","","","","","","","","","","2026-09-15","국가유산청 목록 API 오류: 대상 컴퓨터에서 연결을 거부했으므로 연결하지 못했습니다. (www.cha.go.kr:443)"
"26488","1959891","예강서원","경상남도 김해시 진례면 진례로311번길 107","NO_VERIFIED_IMAGE","","","","","","","","","","","2026-09-15","국가유산청 목록 API 오류: 대상 컴퓨터에서 연결을 거부했으므로 연결하지 못했습니다. (www.cha.go.kr:443)"
"26515","2669992","산청 이사재","경상남도 산청군 단성면 상동길 77","NO_VERIFIED_IMAGE","","","","","","","","","","","2026-09-15","국가유산청 목록 API 오류: 대상 컴퓨터에서 연결을 거부했으므로 연결하지 못했습니다. (www.cha.go.kr:443)"
"26516","2701896","평창지동봉가옥","강원특별자치도 평창군 평창읍 천동길 160","NO_VERIFIED_IMAGE","","","","","","","","","","","2026-09-15","국가유산청 목록 API 오류: 대상 컴퓨터에서 연결을 거부했으므로 연결하지 못했습니다. (www.cha.go.kr:443)"
"26674","1578586","모리재","경상남도 거창군 북상면 강선대길 96-326","NO_VERIFIED_IMAGE","","","","","","","","","","","2026-09-15","국가유산청 목록 API 오류: 대상 컴퓨터에서 연결을 거부했으므로 연결하지 못했습니다. (www.cha.go.kr:443)"
"26723","2773288","롯데뮤지엄","서울특별시 송파구 올림픽로 300 (신천동)","NO_VERIFIED_IMAGE","","","","","","","","","","","2026-09-15","국가유산청 목록 API 오류: 대상 컴퓨터에서 연결을 거부했으므로 연결하지 못했습니다. (www.cha.go.kr:443)"
"26775","2993536","기기국 번사창","서울특별시 종로구 삼청로 118 (삼청동)","NO_VERIFIED_IMAGE","","","","","","","","","","","2026-09-15","국가유산청 목록 API 오류: 대상 컴퓨터에서 연결을 거부했으므로 연결하지 못했습니다. (www.cha.go.kr:443)"
"26778","3017254","부산 연산동 고분군","부산광역시 연제구 연산동","NO_VERIFIED_IMAGE","","","","","","","","","","","2026-09-15","Openverse 조회 오류: The request was canceled due to the configured HttpClient.Timeout of 25 seconds elapsing."
"26841","3076682","성북구립 최만린미술관","서울특별시 성북구 솔샘로7길 23 (정릉동)","NO_VERIFIED_IMAGE","","","","","","","","","","","2026-09-15","국가유산청 목록 API 오류: 대상 컴퓨터에서 연결을 거부했으므로 연결하지 못했습니다. (www.cha.go.kr:443)"
"26881","129821","경남대학교 박물관","경상남도 창원시 마산합포구 경남대학로 7","NO_VERIFIED_IMAGE","","","","","","","","","","","2026-09-15","국가유산청 목록 API 오류: 대상 컴퓨터에서 연결을 거부했으므로 연결하지 못했습니다. (www.cha.go.kr:443)"
"26990","1956335","반산서원","충청남도 부여군 임천면 충절로1001번길 28","NO_VERIFIED_IMAGE","","","","","","","","","","","2026-09-15","국가유산청 목록 API 오류: 대상 컴퓨터에서 연결을 거부했으므로 연결하지 못했습니다. (www.cha.go.kr:443)"
"27025","250396","서울 의릉(경종·선의왕후) [유네스코 세계유산]","서울특별시 성북구 화랑로32길 146-20 (석관동)","NO_VERIFIED_IMAGE","","","","","","","","","","","2026-09-15","국가유산청 목록 API 오류: 대상 컴퓨터에서 연결을 거부했으므로 연결하지 못했습니다. (www.cha.go.kr:443)"
"27068","126912","봉천동 마애미륵불좌상","서울특별시 관악구 낙성대로15길 56-39","NO_VERIFIED_IMAGE","","","","","","","","","","","2026-09-15","국가유산청 목록 API 오류: 대상 컴퓨터에서 연결을 거부했으므로 연결하지 못했습니다. (www.cha.go.kr:443)"
"27121","913710","염의서원","전북특별자치도 군산시 옥산면 염의서원길 156-9","NO_VERIFIED_IMAGE","","","","","","","","","","","2026-09-15","국가유산청 목록 API 오류: 대상 컴퓨터에서 연결을 거부했으므로 연결하지 못했습니다. (www.cha.go.kr:443)"
"27199","1940446","킴스아트필드미술관","부산광역시 금정구 죽전1길 29","NO_VERIFIED_IMAGE","","","","","","","","","","","2026-09-15","국가유산청 목록 API 오류: 대상 컴퓨터에서 연결을 거부했으므로 연결하지 못했습니다. (www.cha.go.kr:443)"
"27236","1958266","방산서원(영주)","경상북도 영주시 이산면 영봉로329번길 143-5","NO_VERIFIED_IMAGE","","","","","","","","","","","2026-09-15","국가유산청 목록 API 오류: 대상 컴퓨터에서 연결을 거부했으므로 연결하지 못했습니다. (www.cha.go.kr:443)"
"27306","1621637","충의당","경상북도 경주시 내남면 이조3길 28-17","NO_VERIFIED_IMAGE","","","","","","","","","","","2026-09-15","국가유산청 목록 API 오류: 대상 컴퓨터에서 연결을 거부했으므로 연결하지 못했습니다. (www.cha.go.kr:443)"
"27412","1954348","홍천향교","강원특별자치도 홍천군 홍천읍 석화로 101-14","NO_VERIFIED_IMAGE","","","","","","","","","","","2026-09-15","국가유산청 목록 API 오류: 대상 컴퓨터에서 연결을 거부했으므로 연결하지 못했습니다. (www.cha.go.kr:443)"
"27492","127902","합미성(장수)","전북특별자치도 장수군 장수읍 용계리 산110-1번지 일원","NO_VERIFIED_IMAGE","","","","","","","","","","","2026-09-15","국가유산청 목록 API 오류: 대상 컴퓨터에서 연결을 거부했으므로 연결하지 못했습니다. (www.cha.go.kr:443)"
"27623","3043911","성북선잠박물관","서울특별시 성북구 성북로 96 (성북동)","NO_VERIFIED_IMAGE","","","","","","","","","","","2026-09-15","국가유산청 목록 API 오류: 대상 컴퓨터에서 연결을 거부했으므로 연결하지 못했습니다. (www.cha.go.kr:443)"
"27630","130527","부천 물 박물관","경기도 부천시 길주로 691","NO_VERIFIED_IMAGE","","","","","","","","","","","2026-09-15","국가유산청 목록 API 오류: 대상 컴퓨터에서 연결을 거부했으므로 연결하지 못했습니다. (www.cha.go.kr:443)"
"27631","130332","채만식 문학관","전북특별자치도 군산시 강변로 449","NO_VERIFIED_IMAGE","","","","","","","","","","","2026-09-15","국가유산청 목록 API 오류: 대상 컴퓨터에서 연결을 거부했으므로 연결하지 못했습니다. (www.cha.go.kr:443)"
"27659","1621764","동강서원","경상북도 경주시 강동면 유금강정길 40-25","NO_VERIFIED_IMAGE","","","","","","","","","","","2026-09-15","국가유산청 목록 API 오류: 대상 컴퓨터에서 연결을 거부했으므로 연결하지 못했습니다. (www.cha.go.kr:443)"
"27710","1621680","용산서원(경주)","경상북도 경주시 내남면 포석로 110-34","NO_VERIFIED_IMAGE","","","","","","","","","","","2026-09-15","국가유산청 목록 API 오류: 대상 컴퓨터에서 연결을 거부했으므로 연결하지 못했습니다. (www.cha.go.kr:443)"
"27750","127243","봉강재","경상북도 포항시 북구 기계면 기남길253번길 74","NO_VERIFIED_IMAGE","","","","","","","","","","","2026-09-15","국가유산청 목록 API 오류: 대상 컴퓨터에서 연결을 거부했으므로 연결하지 못했습니다. (www.cha.go.kr:443)"
"27757","1955906","옥병서원","경기도 포천시 창수면 옥수로327번길 195","NO_VERIFIED_IMAGE","","","","","","","","","","","2026-09-15","국가유산청 목록 API 오류: 대상 컴퓨터에서 연결을 거부했으므로 연결하지 못했습니다. (www.cha.go.kr:443)"
"27798","126881","귀암사","충청남도 금산군 부리면 평촌1길 2","NO_VERIFIED_IMAGE","","","","","","","","","","","2026-09-15","국가유산청 목록 API 오류: 대상 컴퓨터에서 연결을 거부했으므로 연결하지 못했습니다. (www.cha.go.kr:443)"
"27799","127184","고려궁지","인천광역시 강화군 강화읍 북문길 42","COMMONS_SOURCE_MISSING","Openverse/wikimedia","File:강화 고려궁지-2009 01 20.jpg","https://upload.wikimedia.org/wikipedia/commons/2/27/%EA%B0%95%ED%99%94_%EA%B3%A0%EB%A0%A4%EA%B6%81%EC%A7%80-2009_01_20.jpg","https://commons.wikimedia.org/w/index.php?curid=51873324","BY-SA","https://creativecommons.org/licenses/by-sa/4.0/","작가: Anne1482; 원문과 라이선스 재확인 필요","File:강화 고려궁지-2009 01 20.jpg","429","text/html","2026-09-15","Openverse가 가리킨 Commons pageid가 원문 API에서 missing으로 확인되어 사용 제외"
"27966","1940880","요산김정한문학관","부산광역시 금정구 팔송로 60-6 (남산동)","NO_VERIFIED_IMAGE","","","","","","","","","","","2026-09-15","국가유산청 목록 API 오류: 대상 컴퓨터에서 연결을 거부했으므로 연결하지 못했습니다. (www.cha.go.kr:443)"
"27991","1955488","함양향교","경상남도 함양군 함양읍 원교길 50","NO_VERIFIED_IMAGE","","","","","","","","","","","2026-09-15","국가유산청 목록 API 오류: 대상 컴퓨터에서 연결을 거부했으므로 연결하지 못했습니다. (www.cha.go.kr:443)"
"28138","1600978","화동서원(김제)","전북특별자치도 김제시 장화동","NO_VERIFIED_IMAGE","","","","","","","","","","","2026-09-15","국가유산청 목록 API 오류: 대상 컴퓨터에서 연결을 거부했으므로 연결하지 못했습니다. (www.cha.go.kr:443)"
"28180","1622150","거제민속박물관","경상남도 거제시 대금산로 339-7 거제민속박물관","NO_VERIFIED_IMAGE","","","","","","","","","","","2026-09-15","국가유산청 목록 API 오류: 대상 컴퓨터에서 연결을 거부했으므로 연결하지 못했습니다. (www.cha.go.kr:443)"
"28208","2704681","라디오스타박물관","강원특별자치도 영월군 영월읍 금강공원길 84-3","NO_VERIFIED_IMAGE","","","","","","","","","","","2026-09-15","국가유산청 목록 API 오류: 대상 컴퓨터에서 연결을 거부했으므로 연결하지 못했습니다. (www.cha.go.kr:443)"
"28282","130950","인천어린이박물관","인천광역시 미추홀구 매소홀로 618 문학경기장","NO_VERIFIED_IMAGE","","","","","","","","","","","2026-09-15","국가유산청 목록 API 오류: 대상 컴퓨터에서 연결을 거부했으므로 연결하지 못했습니다. (www.cha.go.kr:443)"
"28296","130906","고성탈박물관","경상남도 고성군 고성읍 율대2길 23","NO_VERIFIED_IMAGE","","","","","","","","","","","2026-09-15","국가유산청 목록 API 오류: 대상 컴퓨터에서 연결을 거부했으므로 연결하지 못했습니다. (www.cha.go.kr:443)"
"28321","125991","서산 용현리 마애여래삼존상","충청남도 서산시 운산면 마애삼존불길 65-13","NO_VERIFIED_IMAGE","","","","","","","","","","","2026-09-15","국가유산청 목록 API 오류: 대상 컴퓨터에서 연결을 거부했으므로 연결하지 못했습니다. (www.cha.go.kr:443)"
"28384","1959857","송호서원(합천)","경상남도 합천군 대병면 신성동2길 22-3","CONDITIONAL","국가유산청 국가유산포털","합천 송호서원","https://www.khs.go.kr/unisearch/images/cultural_material/1664051.jpg","https://www.heritage.go.kr/heri/cul/culSelectDetail.do?ccbaAsno=0001020000000&ccbaCtcd=38&ccbaKdcd=31&pageNo=1_1_1_0","KHS_IMAGE_NURI_D","https://www.heritage.go.kr/heri/html/HtmlPage.do?pageNo=1_5_1_0","출처: 국가유산청 국가유산포털","송호서원(배면)","206","image/jpg","2026-09-15","이름·소재지 자동 대조 점수 90; 검색어 '송호서원'; imageNuri=D; 재시도에서 HTTP 206 image/jpg 확인"
"28427","127616","서울 정릉(신덕황후) [유네스코 세계유산]","서울특별시 성북구 아리랑로19길 116 (정릉동)","APPROVED","국가유산청 국가유산포털","서울 정릉","https://www.khs.go.kr/unisearch/images/history_site/2020081411072800.jpg","https://www.heritage.go.kr/heri/cul/culSelectDetail.do?ccbaAsno=0002080000000&ccbaCtcd=11&ccbaKdcd=13&pageNo=1_1_1_0","KHS_IMAGE_NURI_A","https://www.heritage.go.kr/heri/html/HtmlPage.do?pageNo=1_5_1_0","출처: 국가유산청 국가유산포털","서울 정릉_능침","206","image/jpg","2026-09-15","이름·소재지 자동 대조 점수 130; 검색어 '서울 정릉'; imageNuri=A"
"28429","126229","경주민속공예촌","경상북도 경주시 보불로 230 (하동)","NO_VERIFIED_IMAGE","","","","","","","","","","","2026-09-15","공식·공개 라이선스 이미지 후보를 확인하지 못함"
"28617","1600706","저산서원(김제)","전북특별자치도 김제시 공덕면 회룡길 423-6","NO_VERIFIED_IMAGE","","","","","","","","","","","2026-09-15","공식·공개 라이선스 이미지 후보를 확인하지 못함"
"28618","1600719","정종수 고택","전북특별자치도 김제시 장화2길 150-5","NO_VERIFIED_IMAGE","","","","","","","","","","","2026-09-15","공식·공개 라이선스 이미지 후보를 확인하지 못함"
"28619","1600728","지음서원","전북특별자치도 김제시 진멀길 134-7","NO_VERIFIED_IMAGE","","","","","","","","","","","2026-09-15","공식·공개 라이선스 이미지 후보를 확인하지 못함"
"28626","1607203","경성대학교 조류관","부산광역시 남구 수영로 309","NO_VERIFIED_IMAGE","","","","","","","","","","","2026-09-15","공식·공개 라이선스 이미지 후보를 확인하지 못함"
"28628","1613853","수만리마애석불","전북특별자치도 완주군 동상면","APPROVED","국가유산청 국가유산포털","수만리마애석불","https://www.khs.go.kr/unisearch/images/tangible_cult_prop/1639486.jpg","https://www.heritage.go.kr/heri/cul/culSelectDetail.do?ccbaAsno=0000840000000&ccbaCtcd=35&ccbaKdcd=21&pageNo=1_1_1_0","KHS_IMAGE_NURI_A","https://www.heritage.go.kr/heri/html/HtmlPage.do?pageNo=1_5_1_0","출처: 국가유산청 국가유산포털","수만리마애석불","206","image/jpg","2026-09-15","이름·소재지 자동 대조 점수 130; 검색어 '수만리마애석불'; imageNuri=A"
"28629","1623995","단재신채호선생생가지","대전광역시 중구 단재로229번길 47","APPROVED","국가유산청 국가유산포털","단재신채호선생생가지","https://www.khs.go.kr/unisearch/images/monument/1645812.jpg","https://www.heritage.go.kr/heri/cul/culSelectDetail.do?ccbaAsno=0000260000000&ccbaCtcd=25&ccbaKdcd=23&pageNo=1_1_1_0","KHS_IMAGE_NURI_A","https://www.heritage.go.kr/heri/html/HtmlPage.do?pageNo=1_5_1_0","출처: 국가유산청 국가유산포털","단재신채호선생생가지","206","image/jpg","2026-09-15","이름·소재지 자동 대조 점수 130; 검색어 '단재신채호선생생가지'; imageNuri=A"
"28635","1687304","성마루미술관","충청북도 충주시 대소원면 장성길 38-1","NO_VERIFIED_IMAGE","","","","","","","","","","","2026-09-15","공식·공개 라이선스 이미지 후보를 확인하지 못함"
"28740","126376","우금산성","전북특별자치도 부안군 상서면 감교리","APPROVED","국가유산청 국가유산포털","우금산성","https://www.khs.go.kr/unisearch/images/monument/1653366.jpg","https://www.heritage.go.kr/heri/cul/culSelectDetail.do?ccbaAsno=0000200000000&ccbaCtcd=35&ccbaKdcd=23&pageNo=1_1_1_0","KHS_IMAGE_NURI_A","https://www.heritage.go.kr/heri/html/HtmlPage.do?pageNo=1_5_1_0","출처: 국가유산청 국가유산포털","우금산성","206","image/jpg","2026-09-15","이름·소재지 자동 대조 점수 130; 검색어 '우금산성'; imageNuri=A; 재시도에서 HTTP 206 image/jpg 확인"
"28756","1580402","적상산성 호국사비","전북특별자치도 무주군 적상면 산성로 1050","APPROVED","국가유산청 국가유산포털","적상산성 호국사비","https://www.khs.go.kr/unisearch/images/tangible_cult_prop/1639487.jpg","https://www.heritage.go.kr/heri/cul/culSelectDetail.do?ccbaAsno=0000850000000&ccbaCtcd=35&ccbaKdcd=21&pageNo=1_1_1_0","KHS_IMAGE_NURI_A","https://www.heritage.go.kr/heri/html/HtmlPage.do?pageNo=1_5_1_0","출처: 국가유산청 국가유산포털","적상산성호국사비","206","image/jpg","2026-09-15","오류 재시도 완료; 공식 명칭·시군구·이미지 응답 확인"
"28780","127726","거제 둔덕기성","경상남도 거제시 둔덕면 거림리","CONDITIONAL","국가유산청 국가유산포털","거제 둔덕기성","https://www.khs.go.kr/unisearch/images/history_site/1628507.jpg","https://www.heritage.go.kr/heri/cul/culSelectDetail.do?ccbaAsno=0005090000000&ccbaCtcd=38&ccbaKdcd=13&pageNo=1_1_1_0","KHS_IMAGE_NURI_D","https://www.heritage.go.kr/heri/html/HtmlPage.do?pageNo=1_5_1_0","출처: 국가유산청 국가유산포털","거제 둔덕기성 전경","206","image/jpg","2026-09-15","이름·소재지 자동 대조 점수 130; 검색어 '거제 둔덕기성'; imageNuri=D"
"28843","127266","거제향교","경상남도 거제시 거제면 기성로7길 10","APPROVED","국가유산청 국가유산포털","거제향교","https://www.khs.go.kr/unisearch/images/tangible_cult_prop/2021061416450401.jpg","https://www.heritage.go.kr/heri/cul/culSelectDetail.do?ccbaAsno=0002060000000&ccbaCtcd=38&ccbaKdcd=21&pageNo=1_1_1_0","KHS_IMAGE_NURI_A","https://www.heritage.go.kr/heri/html/HtmlPage.do?pageNo=1_5_1_0","출처: 국가유산청 국가유산포털","거제향교_내부 전경 (촬영년도 : 2015년)","206","image/jpg","2026-09-15","이름·소재지 자동 대조 점수 130; 검색어 '거제향교'; imageNuri=A"
"28853","1621481","화기리인동장씨종택","경상북도 영주시 장수면 화계길 71","APPROVED","국가유산청 국가유산포털","화기리인동장씨종택","https://www.khs.go.kr/unisearch/images/folklore_material/2021101915083900.jpg","https://www.heritage.go.kr/heri/cul/culSelectDetail.do?ccbaAsno=0000980000000&ccbaCtcd=37&ccbaKdcd=24&pageNo=1_1_1_0","KHS_IMAGE_NURI_A","https://www.heritage.go.kr/heri/html/HtmlPage.do?pageNo=1_5_1_0","출처: 국가유산청 국가유산포털","화기리인동장씨종택_대문간채 (촬영년도 : 2015년)","206","image/jpg","2026-09-15","이름·소재지 자동 대조 점수 130; 검색어 '화기리인동장씨종택'; imageNuri=A"
"28868","1607119","오륜대 한국순교자박물관","부산광역시 금정구 오륜대로 106-1","NO_VERIFIED_IMAGE","","","","","","","","","","","2026-09-15","공식·공개 라이선스 이미지 후보를 확인하지 못함"
"28869","1957320","화산서원(장수)","전북특별자치도 장수군 계남면 화산길 24-21","NO_VERIFIED_IMAGE","","","","","","","","","","","2026-09-15","공식·공개 라이선스 이미지 후보를 확인하지 못함"
"28918","264388","화서문(華西門)","경기도 수원시 팔달구 장안동 334","APPROVED","국가유산청 국가유산포털","수원 화서문","https://www.khs.go.kr/unisearch/images/treasure/1615781.jpg","https://www.heritage.go.kr/heri/cul/culSelectDetail.do?ccbaAsno=0004030000000&ccbaCtcd=31&ccbaKdcd=12&pageNo=1_1_1_0","KHS_IMAGE_NURI_A","https://www.heritage.go.kr/heri/html/HtmlPage.do?pageNo=1_5_1_0","출처: 국가유산청 국가유산포털","화서문 홍예문 내부","206","image/jpg","2026-09-15","이름·소재지 자동 대조 점수 90; 검색어 '화서문'; imageNuri=A"
"28959","1622772","합천 사의정","경상남도 합천군 대병면 서부로 2551-3","APPROVED","국가유산청 국가유산포털","합천 사의정","https://www.khs.go.kr/unisearch/images/cultural_material/1664056.jpg","https://www.heritage.go.kr/heri/cul/culSelectDetail.do?ccbaAsno=0001030000000&ccbaCtcd=38&ccbaKdcd=31&pageNo=1_1_1_0","KHS_IMAGE_NURI_A","https://www.heritage.go.kr/heri/html/HtmlPage.do?pageNo=1_5_1_0","출처: 국가유산청 국가유산포털","사의정","206","image/jpg","2026-09-15","이름·소재지 자동 대조 점수 130; 검색어 '합천 사의정'; imageNuri=A"
"28967","1584115","익산 김병순 고택","전북특별자치도 익산시 함라면 수동길 20","NO_VERIFIED_IMAGE","","","","","","","","","","","2026-09-15","국가유산청 목록 API 오류: 대상 컴퓨터에서 연결을 거부했으므로 연결하지 못했습니다. (www.cha.go.kr:443)"
"28994","129816","부산여자대학교 차박물관","부산광역시 부산진구 진남로 506 부산여자대학","NO_VERIFIED_IMAGE","","","","","","","","","","","2026-09-15","공식·공개 라이선스 이미지 후보를 확인하지 못함"
"29016","2568489","명성산성(울음산성)","강원특별자치도 철원군 갈말읍 명성산","NO_VERIFIED_IMAGE","","","","","","","","","","","2026-09-15","국가유산청 목록 API 오류: 대상 컴퓨터에서 연결을 거부했으므로 연결하지 못했습니다. (www.cha.go.kr:443)"
"29160","125978","단양 온달산성","충청북도 단양군 영춘면 하리","APPROVED","국가유산청 국가유산포털","단양 온달산성","https://www.khs.go.kr/unisearch/images/history_site/1626258.jpg","https://www.heritage.go.kr/heri/cul/culSelectDetail.do?ccbaAsno=0002640000000&ccbaCtcd=33&ccbaKdcd=13&pageNo=1_1_1_0","KHS_IMAGE_NURI_A","https://www.heritage.go.kr/heri/html/HtmlPage.do?pageNo=1_5_1_0","출처: 국가유산청 국가유산포털","단양온달산성성벽","206","image/jpg","2026-09-15","이름·소재지 자동 대조 점수 130; 검색어 '단양 온달산성'; imageNuri=A; 재시도에서 HTTP 206 image/jpg 확인"
"29255","1688418","충주 주정산 봉수","충청북도 충주시 수안보면 온천리","APPROVED","국가유산청 국가유산포털","충주 주정산 봉수","https://www.khs.go.kr/unisearch/images/monument/1650646.jpg","https://www.heritage.go.kr/heri/cul/culSelectDetail.do?ccbaAsno=0001130000000&ccbaCtcd=33&ccbaKdcd=23&pageNo=1_1_1_0","KHS_IMAGE_NURI_A","https://www.heritage.go.kr/heri/html/HtmlPage.do?pageNo=1_5_1_0","출처: 국가유산청 국가유산포털","충주 주정산 봉수(복원모습)","206","image/jpg","2026-09-15","오류 재시도 완료; 공식 명칭·시군구·이미지 응답 확인"
"29337","1955058","영양향교","경상북도 영양군 일월면 향교길 22-16","NO_VERIFIED_IMAGE","","","","","","","","","","","2026-09-15","국가유산청 목록 API 오류: 대상 컴퓨터에서 연결을 거부했으므로 연결하지 못했습니다. (www.cha.go.kr:443)"
"29362","250264","경주 남산 칠불암 마애불상군","경상북도 경주시 남산동 산36-4","NO_VERIFIED_IMAGE","","","","","","","","","","","2026-09-15","Openverse 조회 오류: The request was canceled due to the configured HttpClient.Timeout of 25 seconds elapsing."
"29679","126526","서울 태릉(문정왕후)과 강릉(명종·인순왕후) [유네스코 세계유산]","서울특별시 노원구 화랑로 681","NO_VERIFIED_IMAGE","","","","","","","","","","","2026-09-15","국가유산청 목록 API 오류: 대상 컴퓨터에서 연결을 거부했으므로 연결하지 못했습니다. (www.cha.go.kr:443)"
"29683","126525","서울 선릉과 정릉 [유네스코 세계유산]","서울특별시 강남구 선릉로100길 1","NO_VERIFIED_IMAGE","","","","","","","","","","","2026-09-15","국가유산청 목록 API 오류: 대상 컴퓨터에서 연결을 거부했으므로 연결하지 못했습니다. (www.cha.go.kr:443)"
"29705","3076665","조은숙아트앤라이프스타일","서울특별시 강남구 압구정로80길 37 (청담동)","NO_VERIFIED_IMAGE","","","","","","","","","","","2026-09-15","국가유산청 목록 API 오류: 대상 컴퓨터에서 연결을 거부했으므로 연결하지 못했습니다. (www.cha.go.kr:443)"
"29765","125956","조양문","충청남도 홍성군 홍성읍 오관리","NO_VERIFIED_IMAGE","","","","","","","","","","","2026-09-15","국가유산청 목록 API 오류: 대상 컴퓨터에서 연결을 거부했으므로 연결하지 못했습니다. (www.cha.go.kr:443)"
"29965","3080721","김세중미술관","서울특별시 용산구 효창원로70길 35 (효창동)","COMMONS_SOURCE_MISSING","Openverse/wikimedia","파일1=박석원 작가=김세중미술관. 사진=권동철. 2022.10.13","https://upload.wikimedia.org/wikipedia/commons/f/fd/%ED%8C%8C%EC%9D%BC1%3D%EB%B0%95%EC%84%9D%EC%9B%90_%EC%9E%91%EA%B0%80%3D%EA%B9%80%EC%84%B8%EC%A4%91%EB%AF%B8%EC%88%A0%EA%B4%80._%EC%82%AC%EC%A7%84%3D%EA%B6%8C%EB%8F%99%EC%B2%A0._2022.10.13.jpg","https://commons.wikimedia.org/w/index.php?curid=149176161","BY-SA","https://creativecommons.org/licenses/by-sa/4.0/","작가: Dckewon5131; 원문과 라이선스 재확인 필요","파일1=박석원 작가=김세중미술관. 사진=권동철. 2022.10.13","429","text/html","2026-09-15","Openverse가 가리킨 Commons pageid가 원문 API에서 missing으로 확인되어 사용 제외"
"30150","126866","금산 백령성","충청남도 금산군 남이면 역평리","NO_VERIFIED_IMAGE","","","","","","","","","","","2026-09-15","국가유산청 목록 API 오류: 대상 컴퓨터에서 연결을 거부했으므로 연결하지 못했습니다. (www.cha.go.kr:443)"
"30155","1685990","제천 청풍향교","충청북도 제천시 청풍면 청풍호로 2048","NO_VERIFIED_IMAGE","","","","","","","","","","","2026-09-15","국가유산청 목록 API 오류: 대상 컴퓨터에서 연결을 거부했으므로 연결하지 못했습니다. (www.cha.go.kr:443)"
"30226","1957985","곤산서원","경상북도 칠곡군 약목면 신유로 60","NO_VERIFIED_IMAGE","","","","","","","","","","","2026-09-15","국가유산청 목록 API 오류: 대상 컴퓨터에서 연결을 거부했으므로 연결하지 못했습니다. (www.cha.go.kr:443)"
"30276","250260","삼릉계곡마애석가여래좌상","경상북도 경주시 남산순환로 341-126 (배동)","NO_VERIFIED_IMAGE","","","","","","","","","","","2026-09-15","국가유산청 목록 API 오류: 대상 컴퓨터에서 연결을 거부했으므로 연결하지 못했습니다. (www.cha.go.kr:443)"
"30430","1621397","경주 내물왕릉","경상북도 경주시 포석로 1065 (황남동)","NO_VERIFIED_IMAGE","","","","","","","","","","","2026-09-15","국가유산청 목록 API 오류: 대상 컴퓨터에서 연결을 거부했으므로 연결하지 못했습니다. (www.cha.go.kr:443)"
"30523","1959067","운곡서원","경상북도 경주시 강동면 사라길 79-13","NO_VERIFIED_IMAGE","","","","","","","","","","","2026-09-15","국가유산청 목록 API 오류: 대상 컴퓨터에서 연결을 거부했으므로 연결하지 못했습니다. (www.cha.go.kr:443)"
"30530","1621751","경주 효공왕릉","경상북도 경주시 배반동","NO_VERIFIED_IMAGE","","","","","","","","","","","2026-09-15","국가유산청 목록 API 오류: 대상 컴퓨터에서 연결을 거부했으므로 연결하지 못했습니다. (www.cha.go.kr:443)"
"30556","128736","상주향교","경상북도 상주시 신봉2길 111 (신봉동)","APPROVED_REHOST_REQUIRED","Openverse/wikimedia","상주향교 대성전","https://upload.wikimedia.org/wikipedia/commons/0/09/%EC%83%81%EC%A3%BC%ED%96%A5%EA%B5%90_%EB%8C%80%EC%84%B1%EC%A0%84.jpg","https://commons.wikimedia.org/w/index.php?curid=83973210","BY-SA","https://creativecommons.org/licenses/by-sa/4.0/","작가: 문화재청 (공공누리 제1유형); 원문과 라이선스 재확인 필요","상주향교 대성전","429","text/html","2026-09-15","Wikimedia Commons 원문 API에서 장소 설명·작가·라이선스 확인. CDN 핫링크 대신 자체 저장 필요"
"30562","127154","봉화 계서당 종택","경상북도 봉화군 물야면 계서당길 34-1","NO_VERIFIED_IMAGE","","","","","","","","","","","2026-09-15","국가유산청 목록 API 오류: 대상 컴퓨터에서 연결을 거부했으므로 연결하지 못했습니다. (www.cha.go.kr:443)"
"30626","125551","고양 서삼릉 [유네스코 세계유산]","경기도 고양시 덕양구 서삼릉길 233-126 (원당동)","NO_VERIFIED_IMAGE","","","","","","","","","","","2026-09-15","국가유산청 목록 API 오류: 대상 컴퓨터에서 연결을 거부했으므로 연결하지 못했습니다. (www.cha.go.kr:443)"
"30628","2605828","오대호아트팩토리","충청북도 충주시 앙성면 가곡로 1434","NO_VERIFIED_IMAGE","","","","","","","","","","","2026-09-15","국가유산청 목록 API 오류: 대상 컴퓨터에서 연결을 거부했으므로 연결하지 못했습니다. (www.cha.go.kr:443)"
"30707","128283","망이산성","충청북도 음성군 삼성면 양덕리","NO_VERIFIED_IMAGE","","","","","","","","","","","2026-09-15","국가유산청 목록 API 오류: 대상 컴퓨터에서 연결을 거부했으므로 연결하지 못했습니다. (www.cha.go.kr:443)"
"30778","915305","오천향교","충청남도 보령시 오천면 교성리","NO_VERIFIED_IMAGE","","","","","","","","","","","2026-09-15","국가유산청 목록 API 오류: 대상 컴퓨터에서 연결을 거부했으므로 연결하지 못했습니다. (www.cha.go.kr:443)"
"30783","1958202","김천 도동서원","경상북도 김천시 구성면 상좌원3길","NO_VERIFIED_IMAGE","","","","","","","","","","","2026-09-15","국가유산청 목록 API 오류: 대상 컴퓨터에서 연결을 거부했으므로 연결하지 못했습니다. (www.cha.go.kr:443)"
"30872","1625075","의안대군방석묘역","경기도 광주시 남한산성면 엄미리","NO_VERIFIED_IMAGE","","","","","","","","","","","2026-09-15","국가유산청 목록 API 오류: 대상 컴퓨터에서 연결을 거부했으므로 연결하지 못했습니다. (www.cha.go.kr:443)"
"31174","127679","파주 삼릉 [유네스코 세계유산]","경기도 파주시 조리읍 삼릉로 89","APPROVED","국가유산청 국가유산포털","파주 삼릉","https://www.khs.go.kr/unisearch/images/history_site/1625644.jpg","https://www.heritage.go.kr/heri/cul/culSelectDetail.do?ccbaAsno=0002050000000&ccbaCtcd=31&ccbaKdcd=13&pageNo=1_1_1_0","KHS_IMAGE_NURI_A","https://www.heritage.go.kr/heri/html/HtmlPage.do?pageNo=1_5_1_0","출처: 국가유산청 국가유산포털","공릉 전경(2012.03.22.촬영, 파주삼릉관리소)","206","image/jpg","2026-09-15","이름·소재지 자동 대조 점수 130; 검색어 '파주 삼릉'; imageNuri=A; 재시도에서 HTTP 206 image/jpg 확인"
"31529","1683988","제천 덕주사 마애여래입상","충청북도 제천시 한수면 미륵송계로2길 87","APPROVED_REHOST_REQUIRED","Openverse/wikimedia","제천 덕주사 마애여래입상 01","https://upload.wikimedia.org/wikipedia/commons/e/e8/%EC%A0%9C%EC%B2%9C_%EB%8D%95%EC%A3%BC%EC%82%AC_%EB%A7%88%EC%95%A0%EC%97%AC%EB%9E%98%EC%9E%85%EC%83%81_01.jpg","https://commons.wikimedia.org/w/index.php?curid=84252618","BY-SA","https://creativecommons.org/licenses/by-sa/4.0/","작가: 문화재청 (공공누리 제1유형); 원문과 라이선스 재확인 필요","제천 덕주사 마애여래입상 01","429","text/html","2026-09-15","Wikimedia Commons 원문 API에서 장소 설명·작가·라이선스 확인. CDN 핫링크 대신 자체 저장 필요"
"31587","231927","경주석장동암각화","경상북도 경주시 석장동","NO_VERIFIED_IMAGE","","","","","","","","","","","2026-09-15","국가유산청 목록 API 오류: 대상 컴퓨터에서 연결을 거부했으므로 연결하지 못했습니다. (www.cha.go.kr:443)"
"31591","127244","포항 달전재사와 하학재","경상북도 포항시 남구 연일읍 새마을로766번길 59","NO_VERIFIED_IMAGE","","","","","","","","","","","2026-09-15","공식·공개 라이선스 이미지 후보를 확인하지 못함"
"31654","126681","공주 무령왕릉과 왕릉원[유네스코 세계유산]","충청남도 공주시 왕릉로 37 (웅진동)","APPROVED","국가유산청 국가유산포털","공주 무령왕릉과 왕릉원","https://www.khs.go.kr/unisearch/images/history_site/1626456.jpg","https://www.heritage.go.kr/heri/cul/culSelectDetail.do?ccbaAsno=0000130000000&ccbaCtcd=34&ccbaKdcd=13&pageNo=1_1_1_0","KHS_IMAGE_NURI_A","https://www.heritage.go.kr/heri/html/HtmlPage.do?pageNo=1_5_1_0","출처: 국가유산청 국가유산포털","공주송산리고분군 6호분","206","image/jpg","2026-09-15","이름·소재지 자동 대조 점수 130; 검색어 '공주 무령왕릉과 왕릉원'; imageNuri=A"
"32363","129481","용연서원","경기도 포천시 신북면 신평로72번길 1-5","APPROVED_REHOST_REQUIRED","Openverse/wikimedia","250207 용연서원 02","https://upload.wikimedia.org/wikipedia/commons/6/66/250207_%EC%9A%A9%EC%97%B0%EC%84%9C%EC%9B%90_02.jpg","https://commons.wikimedia.org/w/index.php?curid=159292805","CC0","https://creativecommons.org/publicdomain/zero/1.0/deed.en/","작가: Aspere; 원문과 라이선스 재확인 필요","250207 용연서원 02","429","text/html","2026-09-15","Wikimedia Commons 원문 API에서 장소 설명·작가·라이선스 확인. CDN 핫링크 대신 자체 저장 필요"
"32404","1621308","자계서원","경상북도 청도군 이서면 자계서원길 13","NO_VERIFIED_IMAGE","","","","","","","","","","","2026-09-15","국가유산청 목록 API 오류: 대상 컴퓨터에서 연결을 거부했으므로 연결하지 못했습니다. (www.cha.go.kr:443)"
"34108","731520","양구전쟁기념관","강원특별자치도 양구군 해안면 해안서화로 35","NO_VERIFIED_IMAGE","","","","","","","","","","","2026-09-15","국가유산청 목록 API 오류: 대상 컴퓨터에서 연결을 거부했으므로 연결하지 못했습니다. (www.cha.go.kr:443)"
"35017","3532403","산계리3층석탑","강원특별자치도 강릉시 옥계면 석화동굴길 238","NO_VERIFIED_IMAGE","","","","","","","","","","","2026-09-15","국가유산청 목록 API 오류: 대상 컴퓨터에서 연결을 거부했으므로 연결하지 못했습니다. (www.cha.go.kr:443)"
"35018","3532463","굴산사지당간지주","강원특별자치도 강릉시 구정면 금평로 92-50","NO_VERIFIED_IMAGE","","","","","","","","","","","2026-09-15","국가유산청 목록 API 오류: 대상 컴퓨터에서 연결을 거부했으므로 연결하지 못했습니다. (www.cha.go.kr:443)"
"35159","3544745","㈜타임트레인","강원특별자치도 강릉시 강동면 헌화로 990-1","NO_VERIFIED_IMAGE","","","","","","","","","","","2026-09-15","국가유산청 목록 API 오류: 대상 컴퓨터에서 연결을 거부했으므로 연결하지 못했습니다. (www.cha.go.kr:443)"
"36412","127680","황희선생유적지·반구정","경기도 파주시 문산읍 반구정로85번길 3","NO_VERIFIED_IMAGE","","","","","","","","","","","2026-09-15","공식·공개 라이선스 이미지 후보를 확인하지 못함"
"37137","2732201","정몽주선생묘","경기도 용인시 처인구 모현읍 능곡로 45","APPROVED","국가유산청 국가유산포털","정몽주선생묘","https://www.khs.go.kr/unisearch/images/monument/1645933.jpg","https://www.heritage.go.kr/heri/cul/culSelectDetail.do?ccbaAsno=0000010000000&ccbaCtcd=31&ccbaKdcd=23&pageNo=1_1_1_0","KHS_IMAGE_NURI_A","https://www.heritage.go.kr/heri/html/HtmlPage.do?pageNo=1_5_1_0","출처: 국가유산청 국가유산포털","정몽주선생묘","206","image/jpg","2026-09-15","이름·소재지 자동 대조 점수 130; 검색어 '정몽주선생묘'; imageNuri=A"
"37176","3532451","보광리석조여래좌상","강원특별자치도 강릉시 성산면 삼왕길 139-98","NO_VERIFIED_IMAGE","","","","","","","","","","","2026-09-15","국가유산청 목록 API 오류: 대상 컴퓨터에서 연결을 거부했으므로 연결하지 못했습니다. (www.cha.go.kr:443)"
"37181","3532423","보광리분청자요지","강원특별자치도 강릉시 성산면 삼왕길 295","APPROVED","국가유산청 국가유산포털","강릉보광리분청자요지","https://www.khs.go.kr/unisearch/images/monument/2022091417091500.jpg","https://www.heritage.go.kr/heri/cul/culSelectDetail.do?ccbaAsno=0000690000000&ccbaCtcd=32&ccbaKdcd=23&pageNo=1_1_1_0","KHS_IMAGE_NURI_A","https://www.heritage.go.kr/heri/html/HtmlPage.do?pageNo=1_5_1_0","출처: 국가유산청 국가유산포털","강릉보광리분청자요지_측면 (촬영년도 : 2016년)","206","image/jpg","2026-09-15","이름·소재지 자동 대조 점수 90; 검색어 '보광리분청자요지'; imageNuri=A"
"37183","3532413","소금강 돌박물관","강원특별자치도 강릉시 연곡면 진고개로 1698","NO_VERIFIED_IMAGE","","","","","","","","","","","2026-09-15","공식·공개 라이선스 이미지 후보를 확인하지 못함"
"37414","3531540","강릉올림픽뮤지엄","강원특별자치도 강릉시 수리골길 102 (포남동)","NO_VERIFIED_IMAGE","","","","","","","","","","","2026-09-15","공식·공개 라이선스 이미지 후보를 확인하지 못함"
"37421","127525","몽촌토성","서울특별시 송파구 올림픽로 424","APPROVED","국가유산청 국가유산포털","서울 몽촌토성","https://www.khs.go.kr/unisearch/images/history_site/1624948.jpg","https://www.heritage.go.kr/heri/cul/culSelectDetail.do?ccbaAsno=0002970000000&ccbaCtcd=11&ccbaKdcd=13&pageNo=1_1_1_0","KHS_IMAGE_NURI_A","https://www.heritage.go.kr/heri/html/HtmlPage.do?pageNo=1_5_1_0","출처: 국가유산청 국가유산포털","몽촌토성","206","image/jpg","2026-09-15","이름·소재지 자동 대조 점수 90; 검색어 '몽촌토성'; imageNuri=A"
"37423","126520","서울 풍납동 토성","서울특별시 송파구 풍납동","APPROVED","국가유산청 국가유산포털","서울 풍납동 토성","https://www.khs.go.kr/unisearch/images/history_site/1624452.jpg","https://www.heritage.go.kr/heri/cul/culSelectDetail.do?ccbaAsno=0000110000000&ccbaCtcd=11&ccbaKdcd=13&pageNo=1_1_1_0","KHS_IMAGE_NURI_A","https://www.heritage.go.kr/heri/html/HtmlPage.do?pageNo=1_5_1_0","출처: 국가유산청 국가유산포털","풍납리토성","206","image/jpg","2026-09-15","이름·소재지 자동 대조 점수 130; 검색어 '서울 풍납동 토성'; imageNuri=A"
"37428","127466","서울 석촌동 고분군","서울특별시 송파구 가락로7길 21 (석촌동)","APPROVED","국가유산청 국가유산포털","서울 석촌동 고분군","https://www.khs.go.kr/unisearch/images/history_site/1624747.jpg","https://www.heritage.go.kr/heri/cul/culSelectDetail.do?ccbaAsno=0002430000000&ccbaCtcd=11&ccbaKdcd=13&pageNo=1_1_1_0","KHS_IMAGE_NURI_A","https://www.heritage.go.kr/heri/html/HtmlPage.do?pageNo=1_5_1_0","출처: 국가유산청 국가유산포털","토광묘","206","image/jpg","2026-09-15","이름·소재지 자동 대조 점수 130; 검색어 '서울 석촌동 고분군'; imageNuri=A"
"37636","126221","하동 고소성","경상남도 하동군 악양면 평사리","APPROVED","국가유산청 국가유산포털","하동 고소성","https://www.khs.go.kr/unisearch/images/history_site/1628253.jpg","https://www.heritage.go.kr/heri/cul/culSelectDetail.do?ccbaAsno=0001510000000&ccbaCtcd=38&ccbaKdcd=13&pageNo=1_1_1_0","KHS_IMAGE_NURI_A","https://www.heritage.go.kr/heri/html/HtmlPage.do?pageNo=1_5_1_0","출처: 국가유산청 국가유산포털","성벽근경","206","image/jpg","2026-09-15","이름·소재지 자동 대조 점수 130; 검색어 '하동 고소성'; imageNuri=A"
"37643","125967","충주 남산성","충청북도 충주시 직동","APPROVED","국가유산청 국가유산포털","충주 남산성","https://www.khs.go.kr/unisearch/images/monument/1649569.jpg","https://www.heritage.go.kr/heri/cul/culSelectDetail.do?ccbaAsno=0000310000000&ccbaCtcd=33&ccbaKdcd=23&pageNo=1_1_1_0","KHS_IMAGE_NURI_A","https://www.heritage.go.kr/heri/html/HtmlPage.do?pageNo=1_5_1_0","출처: 국가유산청 국가유산포털","산성내 연못지(급수지)","206","image/jpg","2026-09-15","이름·소재지 자동 대조 점수 130; 검색어 '충주 남산성'; imageNuri=A"
"38370","1621597","경주 경덕왕릉","경상북도 경주시 내남면 부지리","APPROVED","국가유산청 국가유산포털","경주 경덕왕릉","https://www.khs.go.kr/unisearch/images/history_site/1627565.jpg","https://www.heritage.go.kr/heri/cul/culSelectDetail.do?ccbaAsno=0000230000000&ccbaCtcd=37&ccbaKdcd=13&pageNo=1_1_1_0","KHS_IMAGE_NURI_A","https://www.heritage.go.kr/heri/html/HtmlPage.do?pageNo=1_5_1_0","출처: 국가유산청 국가유산포털","경주 경덕왕릉 전면","206","image/jpg","2026-09-15","이름·소재지 자동 대조 점수 130; 검색어 '경주 경덕왕릉'; imageNuri=A"
"38400","319725","경주 일성왕릉","경상북도 경주시 탑동","APPROVED","국가유산청 국가유산포털","경주 일성왕릉","https://www.khs.go.kr/unisearch/images/history_site/1627770.jpg","https://www.heritage.go.kr/heri/cul/culSelectDetail.do?ccbaAsno=0001730000000&ccbaCtcd=37&ccbaKdcd=13&pageNo=1_1_1_0","KHS_IMAGE_NURI_A","https://www.heritage.go.kr/heri/html/HtmlPage.do?pageNo=1_5_1_0","출처: 국가유산청 국가유산포털","경주 일성왕릉 석축","206","image/jpg","2026-09-15","이름·소재지 자동 대조 점수 130; 검색어 '경주 일성왕릉'; imageNuri=A"
"38421","128761","화천서원","경상북도 안동시 풍천면 광덕솔밭길 72","APPROVED","국가유산청 국가유산포털","안동 화천서원","https://www.khs.go.kr/unisearch/images/monument/1654688.jpg","https://www.heritage.go.kr/heri/cul/culSelectDetail.do?ccbaAsno=0001630000000&ccbaCtcd=37&ccbaKdcd=23&pageNo=1_1_1_0","KHS_IMAGE_NURI_A","https://www.heritage.go.kr/heri/html/HtmlPage.do?pageNo=1_5_1_0","출처: 국가유산청 국가유산포털","강당 정면","206","image/jpg","2026-09-15","이름·소재지 자동 대조 점수 90; 검색어 '화천서원'; imageNuri=A; 재시도에서 HTTP 206 image/jpg 확인"
"38509","231933","경주 양동 무첨당","경상북도 경주시 강동면 양동마을안길 32-19","APPROVED","국가유산청 국가유산포털","경주 양동 무첨당","https://www.khs.go.kr/unisearch/images/treasure/1620799.jpg","https://www.heritage.go.kr/heri/cul/culSelectDetail.do?ccbaAsno=0004110000000&ccbaCtcd=37&ccbaKdcd=12&pageNo=1_1_1_0","KHS_IMAGE_NURI_A","https://www.heritage.go.kr/heri/html/HtmlPage.do?pageNo=1_5_1_0","출처: 국가유산청 국가유산포털","무첨당 내부 천장 가구","206","image/jpg","2026-09-15","이름·소재지 자동 대조 점수 130; 검색어 '경주 양동 무첨당'; imageNuri=A; 재시도에서 HTTP 206 image/jpg 확인"
"38554","1621759","경주 흥덕왕릉","경상북도 경주시 안강읍 육통길 190-26","APPROVED","국가유산청 국가유산포털","경주 흥덕왕릉","https://www.khs.go.kr/unisearch/images/history_site/2020052014382100.JPG","https://www.heritage.go.kr/heri/cul/culSelectDetail.do?ccbaAsno=0000300000000&ccbaCtcd=37&ccbaKdcd=13&pageNo=1_1_1_0","KHS_IMAGE_NURI_A","https://www.heritage.go.kr/heri/html/HtmlPage.do?pageNo=1_5_1_0","출처: 국가유산청 국가유산포털","경주 흥덕왕릉 귀부 (고도보존육성과, 2017)","206","image/jpg","2026-09-15","이름·소재지 자동 대조 점수 130; 검색어 '경주 흥덕왕릉'; imageNuri=A; 재시도에서 HTTP 206 image/jpg 확인"
"38581","130083","영일민속박물관","경상북도 포항시 북구 흥해읍 한동로 51","SOURCE_PROVENANCE_WEAK","Openverse/wikimedia","영일민속박물관","https://upload.wikimedia.org/wikipedia/commons/2/26/%EC%98%81%EC%9D%BC%EB%AF%BC%EC%86%8D%EB%B0%95%EB%AC%BC%EA%B4%80.jpg","https://commons.wikimedia.org/w/index.php?curid=137847827","BY","https://creativecommons.org/licenses/by/4.0/","작가: 문화포털; 원문과 라이선스 재확인 필요","영일민속박물관","429","text/html","2026-09-15","Commons 메타데이터의 원출처가 네이버 이미지 검색 경유 링크여서 권리 사슬을 확정할 수 없어 사용 제외"
"39135","3427042","연세대학교 원주박물관","강원특별자치도 원주시 흥업면 연세대길 1","NO_VERIFIED_IMAGE","","","","","","","","","","","2026-09-15","공식·공개 라이선스 이미지 후보를 확인하지 못함"
"39157","2751969","영인산산림박물관","충청남도 아산시 염치읍 아산온천로 16-30","NO_VERIFIED_IMAGE","","","","","","","","","","","2026-09-15","공식·공개 라이선스 이미지 후보를 확인하지 못함"
"39173","1604941","창덕궁 낙선재","서울특별시 종로구 율곡로 99 (와룡동)","APPROVED","국가유산청 국가유산포털","창덕궁 낙선재","https://www.khs.go.kr/unisearch/images/treasure/2021070509391200.jpg","https://www.heritage.go.kr/heri/cul/culSelectDetail.do?ccbaAsno=0017640000000&ccbaCtcd=11&ccbaKdcd=12&pageNo=1_1_1_0","KHS_IMAGE_NURI_A","https://www.heritage.go.kr/heri/html/HtmlPage.do?pageNo=1_5_1_0","출처: 국가유산청 국가유산포털","창덕궁 낙선재_근경","206","image/jpg","2026-09-15","이름·소재지 자동 대조 점수 130; 검색어 '창덕궁 낙선재'; imageNuri=A"
"39382","2536623","백제문화체험박물관","충청남도 청양군 대치면 장곡길 43-24","NO_VERIFIED_IMAGE","","","","","","","","","","","2026-09-15","공식·공개 라이선스 이미지 후보를 확인하지 못함"
"40057","125932","김좌진 장군 생가지","충청남도 홍성군 갈산면 백야로546번길 12","APPROVED","국가유산청 국가유산포털","김좌진장군생가지","https://www.khs.go.kr/unisearch/images/monument/2022110917055102.jpg","https://www.heritage.go.kr/heri/cul/culSelectDetail.do?ccbaAsno=0000760000000&ccbaCtcd=34&ccbaKdcd=23&pageNo=1_1_1_0","KHS_IMAGE_NURI_A","https://www.heritage.go.kr/heri/html/HtmlPage.do?pageNo=1_5_1_0","출처: 국가유산청 국가유산포털","김좌진장군생가지","206","image/jpg","2026-09-15","이름·소재지 자동 대조 점수 130; 검색어 '김좌진 장군 생가지'; imageNuri=A"
"40058","125934","안회당과 여하정","충청남도 홍성군 홍성읍 아문길 27","NO_VERIFIED_IMAGE","","","","","","","","","","","2026-09-15","공식·공개 라이선스 이미지 후보를 확인하지 못함"
"40061","126642","최영장군 사당","충청남도 홍성군 홍북읍 대인리 산39-7","NO_VERIFIED_IMAGE","","","","","","","","","","","2026-09-15","국가유산청 목록 API 오류: 대상 컴퓨터에서 연결을 거부했으므로 연결하지 못했습니다. (www.cha.go.kr:443)"
"40067","915371","결성농요농사박물관","충청남도 홍성군 결성면 구성남로 91","NO_VERIFIED_IMAGE","","","","","","","","","","","2026-09-15","공식·공개 라이선스 이미지 후보를 확인하지 못함"
"40502","2786845","함양 일두고택","경상남도 함양군 지곡면 개평길 50-13","APPROVED","국가유산청 국가유산포털","함양 일두고택","https://www.khs.go.kr/unisearch/images/imp_folklore_material/1635876.jpg","https://www.heritage.go.kr/heri/cul/culSelectDetail.do?ccbaAsno=0001860000000&ccbaCtcd=38&ccbaKdcd=18&pageNo=1_1_1_0","KHS_IMAGE_NURI_A","https://www.heritage.go.kr/heri/html/HtmlPage.do?pageNo=1_5_1_0","출처: 국가유산청 국가유산포털","사랑채","206","image/jpg","2026-09-15","오류 재시도 완료; 공식 명칭·시군구·이미지 응답 확인"
"40526","264386","팔달문","경기도 수원시 팔달구 정조로 780","APPROVED_REHOST_REQUIRED","Openverse/wikimedia","수원화성 팔달문","https://upload.wikimedia.org/wikipedia/commons/e/eb/%EC%88%98%EC%9B%90%ED%99%94%EC%84%B1_%ED%8C%94%EB%8B%AC%EB%AC%B8.jpg","https://commons.wikimedia.org/w/index.php?curid=51315038","BY-SA","https://creativecommons.org/licenses/by-sa/4.0/","작가: Kimnamhyun; 원문과 라이선스 재확인 필요","수원화성 팔달문","429","text/html","2026-09-15","Wikimedia Commons 원문 API에서 장소 설명·작가·라이선스 확인. CDN 핫링크 대신 자체 저장 필요"
"41867","2930875","대구화교협회","대구광역시 중구 종로 34 대구화교소학교","NO_VERIFIED_IMAGE","","","","","","","","","","","2026-09-15","국가유산청 목록 API 오류: 대상 컴퓨터에서 연결을 거부했으므로 연결하지 못했습니다. (www.cha.go.kr:443)"
"43268","2720207","예끼마을","경상북도 안동시 도산면 선성길 14","NO_VERIFIED_IMAGE","","","","","","","","","","","2026-09-15","국가유산청 목록 API 오류: 대상 컴퓨터에서 연결을 거부했으므로 연결하지 못했습니다. (www.cha.go.kr:443)"
"44474","2702605","태백산석장승","강원특별자치도 태백시 소도동","NO_VERIFIED_IMAGE","","","","","","","","","","","2026-09-15","국가유산청 목록 API 오류: 대상 컴퓨터에서 연결을 거부했으므로 연결하지 못했습니다. (www.cha.go.kr:443)"
"44476","2715385","난포정(蘭浦亭)","강원특별자치도 정선군 임계면 봉산리 185","NO_VERIFIED_IMAGE","","","","","","","","","","","2026-09-15","국가유산청 목록 API 오류: 대상 컴퓨터에서 연결을 거부했으므로 연결하지 못했습니다. (www.cha.go.kr:443)"
"44576","2702534","태장동왕녀복란태실비","강원특별자치도 원주시 태장동","NO_VERIFIED_IMAGE","","","","","","","","","","","2026-09-15","국가유산청 목록 API 오류: 대상 컴퓨터에서 연결을 거부했으므로 연결하지 못했습니다. (www.cha.go.kr:443)"
"45357","1955917","운계서원(양평)","경기도 양평군 용문면 용문산로192번길 16-21","NO_VERIFIED_IMAGE","","","","","","","","","","","2026-09-15","국가유산청 목록 API 오류: 대상 컴퓨터에서 연결을 거부했으므로 연결하지 못했습니다. (www.cha.go.kr:443)"
"45474","2785866","산청 단계리 권씨고가(권씨고가)","경상남도 산청군 신등면 단계리","NO_VERIFIED_IMAGE","","","","","","","","","","","2026-09-15","국가유산청 목록 API 오류: 대상 컴퓨터에서 연결을 거부했으므로 연결하지 못했습니다. (www.cha.go.kr:443)"
"45657","2795956","양평 창대리 고가","경기도 양평군 양평읍 충신로 333-6","NO_VERIFIED_IMAGE","","","","","","","","","","","2026-09-15","국가유산청 목록 API 오류: 대상 컴퓨터에서 연결을 거부했으므로 연결하지 못했습니다. (www.cha.go.kr:443)"
"45741","2788137","화사별서(조씨고가)","경상남도 하동군 악양면 정서리","NO_VERIFIED_IMAGE","","","","","","","","","","","2026-09-15","국가유산청 목록 API 오류: 대상 컴퓨터에서 연결을 거부했으므로 연결하지 못했습니다. (www.cha.go.kr:443)"
"46047","2714842","영월화석박물관","강원특별자치도 영월군 주천면 평창강로 139","NO_VERIFIED_IMAGE","","","","","","","","","","","2026-09-15","국가유산청 목록 API 오류: 대상 컴퓨터에서 연결을 거부했으므로 연결하지 못했습니다. (www.cha.go.kr:443)"
"46190","1955417","산청향교","경상남도 산청군 산청읍 중앙로59번길 20-5","NO_VERIFIED_IMAGE","","","","","","","","","","","2026-09-15","국가유산청 목록 API 오류: 대상 컴퓨터에서 연결을 거부했으므로 연결하지 못했습니다. (www.cha.go.kr:443)"
"46191","1959532","대포서원","경상남도 산청군 생초면 명지대포로236번길 183","NO_VERIFIED_IMAGE","","","","","","","","","","","2026-09-15","국가유산청 목록 API 오류: 대상 컴퓨터에서 연결을 거부했으므로 연결하지 못했습니다. (www.cha.go.kr:443)"
"46193","1959616","봉산서원(산청)","경상남도 산청군 생비량면 지리산대로4119번길 37-20","NO_VERIFIED_IMAGE","","","","","","","","","","","2026-09-15","국가유산청 목록 API 오류: 대상 컴퓨터에서 연결을 거부했으므로 연결하지 못했습니다. (www.cha.go.kr:443)"
"46304","126993","용암정(안동)","경상북도 안동시 도산면 서부리","NO_VERIFIED_IMAGE","","","","","","","","","","","2026-09-15","국가유산청 목록 API 오류: 대상 컴퓨터에서 연결을 거부했으므로 연결하지 못했습니다. (www.cha.go.kr:443)"
"46372","2715382","여송정","강원특별자치도 정선군 여량면 유천리 산 128","NO_VERIFIED_IMAGE","","","","","","","","","","","2026-09-15","국가유산청 목록 API 오류: 대상 컴퓨터에서 연결을 거부했으므로 연결하지 못했습니다. (www.cha.go.kr:443)"
"46375","1956330","명탄서원","충청남도 공주시 명탄서원길 48","NO_VERIFIED_IMAGE","","","","","","","","","","","2026-09-15","국가유산청 목록 API 오류: 대상 컴퓨터에서 연결을 거부했으므로 연결하지 못했습니다. (www.cha.go.kr:443)"
"46452","2606202","유류피해 극복기념관","충청남도 태안군 소원면 천리포1길 120","NO_VERIFIED_IMAGE","","","","","","","","","","","2026-09-15","국가유산청 목록 API 오류: 연결된 구성원으로부터 응답이 없어 연결하지 못했거나, 호스트로부터 응답이 없어 연결이 끊어졌습니다. (www.cha.go.kr:443)"
"46492","126494","세검정 터","서울특별시 종로구 세검정로 244 (신영동)","NO_VERIFIED_IMAGE","","","","","","","","","","","2026-09-15","국가유산청 목록 API 오류: 대상 컴퓨터에서 연결을 거부했으므로 연결하지 못했습니다. (www.cha.go.kr:443)"
"46521","126945","익산 오금산성","전북특별자치도 익산시 금마면 서고도리","NO_VERIFIED_IMAGE","","","","","","","","","","","2026-09-15","국가유산청 목록 API 오류: 대상 컴퓨터에서 연결을 거부했으므로 연결하지 못했습니다. (www.cha.go.kr:443)"
"46563","3418283","성균관 명륜당","서울특별시 종로구 명륜3가","NO_VERIFIED_IMAGE","","","","","","","","","","","2026-09-15","국가유산청 목록 API 오류: 대상 컴퓨터에서 연결을 거부했으므로 연결하지 못했습니다. (www.cha.go.kr:443)"
"46703","126814","25의용단","부산광역시 수영구 연수로379번길 42","APPROVED_REHOST_REQUIRED","Openverse/wikimedia","25의용단","https://upload.wikimedia.org/wikipedia/commons/4/49/25%EC%9D%98%EC%9A%A9%EB%8B%A8.jpg","https://commons.wikimedia.org/w/index.php?curid=89564443","BY-SA","https://creativecommons.org/licenses/by-sa/4.0/","작가: Cultural Heritage Administration; 원문과 라이선스 재확인 필요","25의용단","429","text/html","2026-09-15","Wikimedia Commons 원문 API에서 장소 설명·작가·라이선스 확인. CDN 핫링크 대신 자체 저장 필요"
"46755","2789827","김세균판서고가","충청북도 제천시 한수면 미륵송계로 1588-1","NO_VERIFIED_IMAGE","","","","","","","","","","","2026-09-15","국가유산청 목록 API 오류: 대상 컴퓨터에서 연결을 거부했으므로 연결하지 못했습니다. (www.cha.go.kr:443)"
"46907","128686","함안무기연당","경상남도 함안군 칠원읍 무기1길 33","NO_VERIFIED_IMAGE","","","","","","","","","","","2026-09-15","국가유산청 목록 API 오류: 대상 컴퓨터에서 연결을 거부했으므로 연결하지 못했습니다. (www.cha.go.kr:443)"
"46944","2713279","철원 농산물검사소","강원특별자치도 철원군 철원읍 외촌리 620-1","NO_VERIFIED_IMAGE","","","","","","","","","","","2026-09-15","국가유산청 목록 API 오류: 대상 컴퓨터에서 연결을 거부했으므로 연결하지 못했습니다. (www.cha.go.kr:443)"
"47052","1956315","노강서원(논산)","충청남도 논산시 광석면 오강길 56-5","APPROVED","국가유산청 국가유산포털","노강서원","https://www.khs.go.kr/unisearch/images/tangible_cult_prop/1639042.jpg","https://www.heritage.go.kr/heri/cul/culSelectDetail.do?ccbaAsno=0000300000000&ccbaCtcd=34&ccbaKdcd=21&pageNo=1_1_1_0","KHS_IMAGE_NURI_A","https://www.heritage.go.kr/heri/html/HtmlPage.do?pageNo=1_5_1_0","출처: 국가유산청 국가유산포털","노강서원","206","image/jpg","2026-09-15","이름·소재지 자동 대조 점수 125; 검색어 '노강서원'; imageNuri=A"
"47198","2736388","신라 월성대군 단소","경상북도 경주시 내남면 포석로 534-1","NO_VERIFIED_IMAGE","","","","","","","","","","","2026-09-15","국가유산청 목록 API 오류: 대상 컴퓨터에서 연결을 거부했으므로 연결하지 못했습니다. (www.cha.go.kr:443)"
"48089","3429687","일완홍범식고택","충청북도 괴산군 괴산읍 임꺽정로 16","NO_VERIFIED_IMAGE","","","","","","","","","","","2026-09-15","국가유산청 목록 API 오류: 대상 컴퓨터에서 연결을 거부했으므로 연결하지 못했습니다. (www.cha.go.kr:443)"
"48114","3448312","송암박두성기념관","인천광역시 미추홀구 한나루로357번길 105-19 (학익동)","NO_VERIFIED_IMAGE","","","","","","","","","","","2026-09-15","국가유산청 목록 API 오류: 대상 컴퓨터에서 연결을 거부했으므로 연결하지 못했습니다. (www.cha.go.kr:443)"
