"TouristSpotId","Name","Address","SourceTitle","ImageUrl","SourcePageUrl","ImageStatus","ImageType","PageStatus","NameInPage","LocalityInPage"
"4494","조병수 가옥","인천광역시 영종구 용유로380번길 21","(인쇄용) 조병수 가옥 | 대한민국 구석구석","https://cdn.visitkorea.or.kr/img/call?cmd=VIEW&id=7a71de55-f272-481b-991c-e51ef89cdac2","https://korean.visitkorea.or.kr/detail/ms_detail_print.do?cotid=2980adcc-a788-41ae-b1c3-37d9dd2f2810","200","image/jpeg","200","True","False"
"5971","나절로미술관","전남광주통합특별시 진도군 임회면 진도대로 3886","나절로미술관> 여행지 | '열린 관광' 모두의 여행:대한민국 구석구석","https://cdn.visitkorea.or.kr/img/call?cmd=VIEW&id=31923217-0793-46bc-bc9f-05975c2c0106","https://korean.visitkorea.or.kr/detail/ms_detail.do?cotid=d7f32600-478a-44f2-883e-6fbda10efb79","200","image/jpeg","200","True","True"
"6864","담양곤충박물관","전남광주통합특별시 담양군 담양읍 담양88로 428","담양곤충박물관 > 여행지 :대한민국 구석구석 담양곤충박물관> 여행지 :대한민국 구석구석","https://cdn.visitkorea.or.kr/img/call?cmd=VIEW&id=05a85f4d-ceab-4287-a417-3d48d5cebcfb","https://korean.visitkorea.or.kr/detail/ms_detail.do?cotid=b1d06bb9-5a76-4873-8b05-2a7778bec20f","200","image/jpeg","200","True","False"
"7540","시에그린한국시화박물관","전남광주통합특별시 진도군 임회면 죽림길 97","시에그린한국시화박물관> 여행지 :대한민국 구석구석 시에그린한국시화박물관> 여행지 :대한민국 구석구석","https://cdn.visitkorea.or.kr/img/call?cmd=VIEW&id=15a47c00-26ae-4ca6-9f8d-413b1000f9ca","https://korean.visitkorea.or.kr/detail/ms_detail.do?cotid=b419742a-8796-4afd-a279-57c462804635","200","image/jpeg","200","True","True"
"9684","교과서박물관","세종특별자치시 연동면 청연로 492-14","(인쇄용) 한국 교과서 변천사를 한눈에 ‘연기 교과서박물관’ | 대한민국 구석구석","https://cdn.visitkorea.or.kr/img/call?cmd=VIEW&id=d8f89194-fdea-429e-b972-4048984c03d8","https://korean.visitkorea.or.kr/detail/rem_detail_print.do?cotid=61d789a8-4905-4dba-9254-694a5df9e6ae","200","image/jpeg","200","True","False"
"11212","최호장군유지","전북특별자치도 군산시 개정면 원발산길 33-2","(인쇄용) 최호장군유지 | 대한민국 구석구석","https://cdn.visitkorea.or.kr/img/call?cmd=VIEW&id=9dfb0be2-8d3e-46b6-8d85-fd558c625582","https://korean.visitkorea.or.kr/detail/ms_detail_print.do?cotid=f071f2b7-99d2-47fc-afa6-68ccb4f4527f","200","image/jpeg","200","True","False"
"11787","뒤웅박고을","세종특별자치시 전동면 배일길 90-43","뒤웅박고을> 여행지 | '열린 관광' 모두의 여행:대한민국 구석구석","https://cdn.visitkorea.or.kr/img/call?cmd=VIEW&id=1d01ebfb-e606-458d-8c5b-6c7cc6513c5c","https://korean.visitkorea.or.kr/detail/ms_detail.do?cotid=63b14a71-9cf2-4dcd-8b50-5970567750e0","200","image/jpeg","200","True","False"
"23969","자부마을","경상남도 통영시 욕지면 동항리","자부마을 (2026) - 경상남도 통영시 가볼만한곳 - 관광지랭킹","https://tong.visitkorea.or.kr/cms/resource/42/2794042_image2_1.jpg","https://www.korearank.com/tour/tour_detail.php?uid=55794","0","","200","False","False"
"24822","모명재","대구광역시 수성구 달구벌대로525길 14-23 (만촌동)","(인쇄용) 모명재 | 대한민국 구석구석","https://cdn.visitkorea.or.kr/img/call?cmd=VIEW&id=123df462-75f0-44da-a07b-d21d47beb6a1","https://korean.visitkorea.or.kr/detail/ms_detail_print.do?cotid=1a472527-1790-4710-8b7a-8a6eef763a0f","200","image/jpeg","200","True","False"
"24872","홍주성역사관","충청남도 홍성군 홍성읍 아문길 20","홍주성역사관> 여행지 | '열린 관광' 모두의 여행:대한민국 구석구석","https://cdn.visitkorea.or.kr/img/call?cmd=VIEW&id=5b94f675-637f-4459-9274-9c31bc3c276c","https://korean.visitkorea.or.kr/detail/ms_detail.do?cotid=32189daa-2a7a-4294-bf31-f2b023bba68e","200","image/jpeg","200","True","False"
"25029","홍주천년기념탑","충청남도 홍성군 홍성읍 옥암리","홍주천년기념탑 (2026) - 충청남도 홍성군 가볼만한곳 - 관광지랭킹","https://tong.visitkorea.or.kr/cms/resource/12/3079412_image2_1.jpg","https://www.korearank.com/tour/tour_detail.php?uid=88240","0","","200","False","False"
"26487","상봉서원","경상남도 함안군 칠원읍 유원1길 32","상봉서원> 여행지 :대한민국 구석구석 상봉서원> 여행지 :대한민국 구석구석","https://cdn.visitkorea.or.kr/img/call?cmd=VIEW&id=765d27d6-30a3-4e85-aa86-c8684582fe87","https://korean.visitkorea.or.kr/detail/ms_detail.do?cotid=065b2fe3-49ab-4262-b9f5-5fe43f9e1e84","200","image/jpeg","200","True","False"
"26515","산청 이사재","경상남도 산청군 단성면 상동길 77","(인쇄용) 산청 이사재 | 대한민국 구석구석","https://cdn.visitkorea.or.kr/img/call?cmd=VIEW&id=2a0206d4-a561-48f8-9671-c07893cafd5d","https://korean.visitkorea.or.kr/detail/ms_detail_print.do?cotid=d1197ca9-07f1-4d65-af78-69753fbb25dd","200","image/jpeg","200","True","False"
"26516","평창지동봉가옥","강원특별자치도 평창군 평창읍 천동길 160","(인쇄용) 평창지동봉가옥 | 대한민국 구석구석","https://cdn.visitkorea.or.kr/img/call?cmd=VIEW&id=150c944d-dc3e-4577-bc29-32335c42191c","https://korean.visitkorea.or.kr/detail/ms_detail_print.do?cotid=a697672c-97b1-43aa-ba91-e61c73a2a747","200","image/jpeg","200","True","True"
"27412","홍천향교","강원특별자치도 홍천군 홍천읍 석화로 101-14","홍천향교> 여행지 :대한민국 구석구석 홍천향교> 여행지 :대한민국 구석구석","https://cdn.visitkorea.or.kr/img/call?cmd=VIEW&id=d8961061-488b-474b-b948-3801a2e03ff7","https://korean.visitkorea.or.kr/detail/ms_detail.do?cotid=2d14da16-143f-4d1a-ae81-df05c89376a4","200","image/jpeg","200","True","False"
"27623","성북선잠박물관","서울특별시 성북구 성북로 96 (성북동)","성북선잠박물관> 여행지 :대한민국 구석구석 성북선잠박물관> 여행지 :대한민국 구석구석","https://cdn.visitkorea.or.kr/img/call?cmd=VIEW&id=9f3a829b-7c78-48db-b8e3-2dfe63239e6e","https://korean.visitkorea.or.kr/detail/ms_detail.do?cotid=6f7ebdf3-bfdc-44d8-886d-569379fbde18","200","image/jpeg","200","True","False"
"27631","채만식 문학관","전북특별자치도 군산시 강변로 449","채만식 문학관> 여행지 | '열린 관광' 모두의 여행:대한민국 구석구석","https://cdn.visitkorea.or.kr/img/call?cmd=VIEW&id=9cfe2940-eadb-4c0d-a31b-96508068738b","https://korean.visitkorea.or.kr/detail/ms_detail.do?cotid=f3336c6b-ab5b-4097-815b-525e3974b69a","200","image/jpeg","200","True","False"
"27659","동강서원","경상북도 경주시 강동면 유금강정길 40-25","(인쇄용) 동강서원 | 대한민국 구석구석","https://cdn.visitkorea.or.kr/img/call?cmd=VIEW&id=e48ff6dd-95f5-4419-938f-028815584d86","https://korean.visitkorea.or.kr/detail/ms_detail_print.do?cotid=d775cf17-2654-461a-8f90-cc89afc0986f","200","image/jpeg","200","True","False"
"27757","옥병서원","경기도 포천시 창수면 옥수로327번길 195","옥병서원> 여행지 :대한민국 구석구석 옥병서원> 여행지 :대한민국 구석구석","https://cdn.visitkorea.or.kr/img/call?cmd=VIEW&id=a5d658c0-86db-41f5-8cf8-83d435d96184","https://korean.visitkorea.or.kr/detail/ms_detail.do?cotid=fa65469f-f6e7-4bba-9bfa-da12f48f2f32","200","image/jpeg","200","True","True"
"27798","귀암사","충청남도 금산군 부리면 평촌1길 2","귀암사> 여행지 :대한민국 구석구석 귀암사> 여행지 :대한민국 구석구석","https://cdn.visitkorea.or.kr/img/call?cmd=VIEW&id=90c4460a-cd54-413f-8178-354a7ce360cb","https://korean.visitkorea.or.kr/detail/ms_detail.do?cotid=ede109bf-f9b5-44e7-959e-e4002813e25a","200","image/jpeg","200","True","False"
"27991","함양향교","경상남도 함양군 함양읍 원교길 50","함양향교> 여행지 :대한민국 구석구석 함양향교> 여행지 :대한민국 구석구석","https://cdn.visitkorea.or.kr/img/call?cmd=VIEW&id=ef050412-5df8-4885-b824-4994b1c8166f","https://korean.visitkorea.or.kr/detail/ms_detail.do?cotid=2c4781a6-99c8-406b-bb61-3952b1e778be","200","","200","True","True"
"28180","거제민속박물관","경상남도 거제시 대금산로 339-7 거제민속박물관","거제민속박물관> 여행지 :대한민국 구석구석 거제민속박물관> 여행지 :대한민국 구석구석","https://cdn.visitkorea.or.kr/img/call?cmd=VIEW&id=3a5e3893-8f90-450f-9e96-46364ea9e2cb","https://korean.visitkorea.or.kr/detail/ms_detail.do?cotid=d2ba25e4-a9fa-4bc5-a94e-4482f6fd464e","200","image/jpeg","200","True","False"
"28208","라디오스타박물관","강원특별자치도 영월군 영월읍 금강공원길 84-3","라디오스타박물관> 여행지 | '열린 관광' 모두의 여행:대한민국 구석구석","https://cdn.visitkorea.or.kr/img/call?cmd=VIEW&id=b1693fe7-1d98-477e-a80e-63eb74484f56","https://korean.visitkorea.or.kr/detail/ms_detail.do?cotid=d474b290-099c-4d88-8ce6-d52196e14746","200","image/jpeg","200","True","False"
"28384","송호서원(합천)","경상남도 합천군 대병면 신성동2길 22-3","송호서원> 여행지 :대한민국 구석구석 송호서원> 여행지 :대한민국 구석구석","https://cdn.visitkorea.or.kr/img/call?cmd=VIEW&id=aef31c9e-ba63-4bf5-8f84-564730a04cde","https://korean.visitkorea.or.kr/detail/ms_detail.do?cotid=8d78a7b8-f963-4039-9d14-51a59ef4cc6d","200","image/jpeg","200","True","False"
"28635","성마루미술관","충청북도 충주시 대소원면 장성길 38-1","(인쇄용) 성마루미술관 | 대한민국 구석구석","https://cdn.visitkorea.or.kr/img/call?cmd=VIEW&id=c6c7d24f-5369-4e17-b7b2-e772e0266c1b","https://korean.visitkorea.or.kr/detail/ms_detail_print.do?cotid=9ee42217-c2c0-4e1d-b8e2-4f8f2a08cca5","200","image/jpeg","200","True","False"
"28869","화산서원(장수)","전북특별자치도 장수군 계남면 화산길 24-21","화산서원(익산)> 여행지 :대한민국 구석구석 화산서원(익산)> 여행지 :대한민국 구석구석","https://cdn.visitkorea.or.kr/img/call?cmd=VIEW&id=c283a97f-abce-4ad3-a0ac-a8bc80caa6ee","https://korean.visitkorea.or.kr/detail/ms_detail.do?cotid=660c663f-2ee4-4cd5-bc4d-92045b95886f","200","image/jpeg","200","True","False"
"29016","명성산성(울음산성)","강원특별자치도 철원군 갈말읍 명성산","(인쇄용) 명성산성(울음산성) | 대한민국 구석구석","https://cdn.visitkorea.or.kr/img/call?cmd=VIEW&id=c4450313-44ad-44cb-a442-8ba1ddeac0bc","https://korean.visitkorea.or.kr/detail/ms_detail_print.do?cotid=f14461fd-4d2b-4faf-b55e-ca06290e2669","200","image/jpeg","200","True","True"
"29705","조은숙아트앤라이프스타일","서울특별시 강남구 압구정로80길 37 (청담동)","조은숙아트앤라이프스타일> 여행지 :대한민국 구석구석 조은숙아트앤라이프스타일> 여행지 :대한민국 구석구석","https://cdn.visitkorea.or.kr/img/call?cmd=VIEW&id=493f25c8-5a65-461d-8b42-858fade2c7df","https://korean.visitkorea.or.kr/detail/ms_detail.do?cotid=47d7fed3-d7ae-43a9-a3aa-0546b7370956","200","image/jpeg","200","True","False"
"30150","금산 백령성","충청남도 금산군 남이면 역평리","(인쇄용) 금산 백령성 | 대한민국 구석구석","https://cdn.visitkorea.or.kr/img/call?cmd=VIEW&id=ba23dd47-19fb-49ad-8713-b890a66aafbe","https://korean.visitkorea.or.kr/detail/ms_detail_print.do?cotid=1beb007e-f1f8-4fff-97c8-4ee9244684e5","200","image/jpeg","200","True","True"
"30155","제천 청풍향교","충청북도 제천시 청풍면 청풍호로 2048","(인쇄용) 제천 청풍향교 | 대한민국 구석구석","https://cdn.visitkorea.or.kr/img/call?cmd=VIEW&id=b82e9472-62bf-434d-80d1-6b4ca8a26c03","https://korean.visitkorea.or.kr/detail/ms_detail_print.do?cotid=1e7104f8-626f-4cee-ac92-1cf6909f5b3e","200","image/jpeg","200","True","False"
"30523","운곡서원","경상북도 경주시 강동면 사라길 79-13","운곡서원> 여행지 :대한민국 구석구석 운곡서원> 여행지 :대한민국 구석구석","https://cdn.visitkorea.or.kr/img/call?cmd=VIEW&id=7489fc92-132c-4917-b8ca-bb1efdbc9b0c","https://korean.visitkorea.or.kr/detail/ms_detail.do?cotid=16f48a36-2d81-419c-bd6d-845e4874d61f","200","image/jpeg","200","True","True"
"34108","양구전쟁기념관","강원특별자치도 양구군 해안면 해안서화로 35","양구전쟁기념관> 여행지 | '열린 관광' 모두의 여행:대한민국 구석구석","https://cdn.visitkorea.or.kr/img/call?cmd=VIEW&id=f3179122-c645-4fa2-83e2-8a60f94fa55d","https://korean.visitkorea.or.kr/detail/ms_detail.do?cotid=16a5d138-a634-47d1-9d28-08f78c1249f6","200","image/jpeg","200","True","False"
"38581","영일민속박물관","경상북도 포항시 북구 흥해읍 한동로 51","영일민속박물관> 여행지 :대한민국 구석구석 영일민속박물관> 여행지 :대한민국 구석구석","https://cdn.visitkorea.or.kr/img/call?cmd=VIEW&id=6c40bebe-1cab-4914-83ae-1b3aad93e636","https://korean.visitkorea.or.kr/detail/ms_detail.do?cotid=0782ae60-6462-48e8-973c-0012645d8b97","200","image/jpeg","200","True","False"
"39157","영인산산림박물관","충청남도 아산시 염치읍 아산온천로 16-30","(인쇄용) 영인산산림박물관 | 대한민국 구석구석","https://cdn.visitkorea.or.kr/img/call?cmd=VIEW&id=ab0538a3-8c45-4465-95b4-6cf17cc0af94","https://korean.visitkorea.or.kr/detail/ms_detail_print.do?cotid=a836a544-7e9f-4b4f-9a53-67eef0bdcfd7","200","image/jpeg","200","True","False"
"40058","안회당과 여하정","충청남도 홍성군 홍성읍 아문길 27","(인쇄용) 안회당과 여하정 | 대한민국 구석구석","https://cdn.visitkorea.or.kr/img/call?cmd=VIEW&id=e0455bed-1cae-47cc-9f8c-210bb6dd1da0","https://korean.visitkorea.or.kr/detail/ms_detail_print.do?cotid=cc3a4d7f-7017-4366-b142-39a76e00017b","200","image/jpeg","200","True","False"
"40061","최영장군 사당","충청남도 홍성군 홍북읍 대인리 산39-7","최영장군 사당> 여행지 :대한민국 구석구석 최영장군 사당> 여행지 :대한민국 구석구석","https://cdn.visitkorea.or.kr/img/call?cmd=VIEW&id=8d393615-8ebb-4f44-bf76-90ffde362c12","https://korean.visitkorea.or.kr/detail/ms_detail.do?cotid=a7d8be9e-1bad-4b61-85cf-95660c08aa47","200","image/jpeg","200","True","False"
"43268","예끼마을","경상북도 안동시 도산면 선성길 14","(인쇄용) 예끼마을 | 대한민국 구석구석","https://cdn.visitkorea.or.kr/img/call?cmd=VIEW&id=2978b67c-5b43-431d-87bb-8204dd0ca364","https://korean.visitkorea.or.kr/detail/ms_detail_print.do?cotid=6986daf3-599e-45a5-9be6-19344b9928c7","200","image/jpeg","200","True","False"
"44576","태장동왕녀복란태실비","강원특별자치도 원주시 태장동","태장동왕녀복란태실비, 왕가의 장수를 비는 뜻으로 태를 묻는 곳 - 콕콕! 지역정보 | 구석구석 떠나볼까 | 대한민국구석구석","http://tong.visitkorea.or.kr/cms/resource/27/2414727_image2_1.jpg","http://korean.visitkorea.or.kr/kor/bz15/tp/content/view.jsp?cid=2405827","0","","0","False","False"
"46047","영월화석박물관","강원특별자치도 영월군 주천면 평창강로 139","영월화석박물관> 여행지 :대한민국 구석구석 영월화석박물관> 여행지 :대한민국 구석구석","https://cdn.visitkorea.or.kr/img/call?cmd=VIEW&id=20750f7b-f954-41c0-b5a8-4b57938775f7","https://korean.visitkorea.or.kr/detail/ms_detail.do?cotid=6d60fce2-3745-4c1a-8425-c3debe4bd5fb","200","image/jpeg","200","True","False"
"46304","용암정(안동)","경상북도 안동시 도산면 서부리","용암정(안동)> 여행지 :대한민국 구석구석 용암정(안동)> 여행지 :대한민국 구석구석","https://cdn.visitkorea.or.kr/img/call?cmd=VIEW&id=04ff79f2-b839-42c3-964e-1ebfb478e585","https://korean.visitkorea.or.kr/detail/ms_detail.do?cotid=2b536876-8883-4d20-83da-3f01bbf606ff","200","image/jpeg","200","True","False"
"46375","명탄서원","충청남도 공주시 명탄서원길 48","(인쇄용) 명탄서원 | 대한민국 구석구석","https://cdn.visitkorea.or.kr/img/call?cmd=VIEW&id=12f803bb-5402-4747-8847-098426ec862b","https://korean.visitkorea.or.kr/detail/ms_detail_print.do?cotid=4735e4ca-e0e7-4f61-a7a1-abdf86499add","200","image/jpeg","200","True","False"
"46944","철원 농산물검사소","강원특별자치도 철원군 철원읍 외촌리 620-1","철원 농산물검사소 > 여행지 :대한민국 구석구석 철원 농산물검사소 > 여행지 :대한민국 구석구석","https://cdn.visitkorea.or.kr/img/call?cmd=VIEW&id=769473eb-04ef-4fb8-b165-eeb7a290e792","https://korean.visitkorea.or.kr/detail/ms_detail.do?cotid=d79fae3e-1eb9-428b-aadb-f7408cfbc045","200","image/jpeg","200","True","False"
