"TouristSpotId","Name","ImageUrl","SourcePageUrl","LicenseCode","LicenseUrl","Provider","Attribution","VerifiedAt","Notes"
"4494","조병수 가옥","https://cdn.visitkorea.or.kr/img/call?cmd=VIEW&id=7a71de55-f272-481b-991c-e51ef89cdac2","https://korean.visitkorea.or.kr/detail/ms_detail_print.do?cotid=2980adcc-a788-41ae-b1c3-37d9dd2f2810","TOURAPI_WEB_INDEX","","한국관광공사 대한민국 구석구석","사진 출처: 한국관광공사 대한민국 구석구석","2026-09-16","장소명 검색 결과 일치; 이미지 원본 한국관광공사 호스트; 이미지 GET/HEAD 확인; 원문: (인쇄용) 조병수 가옥 | 대한민국 구석구석"
"5971","나절로미술관","https://cdn.visitkorea.or.kr/img/call?cmd=VIEW&id=31923217-0793-46bc-bc9f-05975c2c0106","https://korean.visitkorea.or.kr/detail/ms_detail.do?cotid=d7f32600-478a-44f2-883e-6fbda10efb79","TOURAPI_WEB_INDEX","","한국관광공사 대한민국 구석구석","사진 출처: 한국관광공사 대한민국 구석구석","2026-09-16","장소명 검색 결과 일치; 이미지 원본 한국관광공사 호스트; 이미지 GET/HEAD 확인; 원문: 나절로미술관> 여행지 | '열린 관광' 모두의 여행:대한민국 구석구석"
"6864","담양곤충박물관","https://cdn.visitkorea.or.kr/img/call?cmd=VIEW&id=05a85f4d-ceab-4287-a417-3d48d5cebcfb","https://korean.visitkorea.or.kr/detail/ms_detail.do?cotid=b1d06bb9-5a76-4873-8b05-2a7778bec20f","TOURAPI_WEB_INDEX","","한국관광공사 대한민국 구석구석","사진 출처: 한국관광공사 대한민국 구석구석","2026-09-16","장소명 검색 결과 일치; 이미지 원본 한국관광공사 호스트; 이미지 GET/HEAD 확인; 원문: 담양곤충박물관 > 여행지 :대한민국 구석구석 담양곤충박물관> 여행지 :대한민국 구석구석"
"7540","시에그린한국시화박물관","https://cdn.visitkorea.or.kr/img/call?cmd=VIEW&id=15a47c00-26ae-4ca6-9f8d-413b1000f9ca","https://korean.visitkorea.or.kr/detail/ms_detail.do?cotid=b419742a-8796-4afd-a279-57c462804635","TOURAPI_WEB_INDEX","","한국관광공사 대한민국 구석구석","사진 출처: 한국관광공사 대한민국 구석구석","2026-09-16","장소명 검색 결과 일치; 이미지 원본 한국관광공사 호스트; 이미지 GET/HEAD 확인; 원문: 시에그린한국시화박물관> 여행지 :대한민국 구석구석 시에그린한국시화박물관> 여행지 :대한민국 구석구석"
"9684","교과서박물관","https://cdn.visitkorea.or.kr/img/call?cmd=VIEW&id=d8f89194-fdea-429e-b972-4048984c03d8","https://korean.visitkorea.or.kr/detail/rem_detail_print.do?cotid=61d789a8-4905-4dba-9254-694a5df9e6ae","TOURAPI_WEB_INDEX","","한국관광공사 대한민국 구석구석","사진 출처: 한국관광공사 대한민국 구석구석","2026-09-16","장소명 검색 결과 일치; 이미지 원본 한국관광공사 호스트; 이미지 GET/HEAD 확인; 원문: (인쇄용) 한국 교과서 변천사를 한눈에 ‘연기 교과서박물관’ | 대한민국 구석구석"
"11212","최호장군유지","https://cdn.visitkorea.or.kr/img/call?cmd=VIEW&id=9dfb0be2-8d3e-46b6-8d85-fd558c625582","https://korean.visitkorea.or.kr/detail/ms_detail_print.do?cotid=f071f2b7-99d2-47fc-afa6-68ccb4f4527f","TOURAPI_WEB_INDEX","","한국관광공사 대한민국 구석구석","사진 출처: 한국관광공사 대한민국 구석구석","2026-09-16","장소명 검색 결과 일치; 이미지 원본 한국관광공사 호스트; 이미지 GET/HEAD 확인; 원문: (인쇄용) 최호장군유지 | 대한민국 구석구석"
"11787","뒤웅박고을","https://cdn.visitkorea.or.kr/img/call?cmd=VIEW&id=1d01ebfb-e606-458d-8c5b-6c7cc6513c5c","https://korean.visitkorea.or.kr/detail/ms_detail.do?cotid=63b14a71-9cf2-4dcd-8b50-5970567750e0","TOURAPI_WEB_INDEX","","한국관광공사 대한민국 구석구석","사진 출처: 한국관광공사 대한민국 구석구석","2026-09-16","장소명 검색 결과 일치; 이미지 원본 한국관광공사 호스트; 이미지 GET/HEAD 확인; 원문: 뒤웅박고을> 여행지 | '열린 관광' 모두의 여행:대한민국 구석구석"
"23969","자부마을","https://tong.visitkorea.or.kr/cms/resource/42/2794042_image2_1.jpg","https://www.korearank.com/tour/tour_detail.php?uid=55794","TOURAPI_WEB_INDEX","","한국관광공사 대한민국 구석구석","사진 출처: 한국관광공사 대한민국 구석구석","2026-09-16","장소명 검색 결과 일치; 이미지 원본 한국관광공사 호스트; 이미지 GET/HEAD 확인; 원문: 자부마을 (2026) - 경상남도 통영시 가볼만한곳 - 관광지랭킹"
"24822","모명재","https://cdn.visitkorea.or.kr/img/call?cmd=VIEW&id=123df462-75f0-44da-a07b-d21d47beb6a1","https://korean.visitkorea.or.kr/detail/ms_detail_print.do?cotid=1a472527-1790-4710-8b7a-8a6eef763a0f","TOURAPI_WEB_INDEX","","한국관광공사 대한민국 구석구석","사진 출처: 한국관광공사 대한민국 구석구석","2026-09-16","장소명 검색 결과 일치; 이미지 원본 한국관광공사 호스트; 이미지 GET/HEAD 확인; 원문: (인쇄용) 모명재 | 대한민국 구석구석"
"24872","홍주성역사관","https://cdn.visitkorea.or.kr/img/call?cmd=VIEW&id=5b94f675-637f-4459-9274-9c31bc3c276c","https://korean.visitkorea.or.kr/detail/ms_detail.do?cotid=32189daa-2a7a-4294-bf31-f2b023bba68e","TOURAPI_WEB_INDEX","","한국관광공사 대한민국 구석구석","사진 출처: 한국관광공사 대한민국 구석구석","2026-09-16","장소명 검색 결과 일치; 이미지 원본 한국관광공사 호스트; 이미지 GET/HEAD 확인; 원문: 홍주성역사관> 여행지 | '열린 관광' 모두의 여행:대한민국 구석구석"
"25029","홍주천년기념탑","https://tong.visitkorea.or.kr/cms/resource/12/3079412_image2_1.jpg","https://www.korearank.com/tour/tour_detail.php?uid=88240","TOURAPI_WEB_INDEX","","한국관광공사 대한민국 구석구석","사진 출처: 한국관광공사 대한민국 구석구석","2026-09-16","장소명 검색 결과 일치; 이미지 원본 한국관광공사 호스트; 이미지 GET/HEAD 확인; 원문: 홍주천년기념탑 (2026) - 충청남도 홍성군 가볼만한곳 - 관광지랭킹"
"26487","상봉서원","https://cdn.visitkorea.or.kr/img/call?cmd=VIEW&id=765d27d6-30a3-4e85-aa86-c8684582fe87","https://korean.visitkorea.or.kr/detail/ms_detail.do?cotid=065b2fe3-49ab-4262-b9f5-5fe43f9e1e84","TOURAPI_WEB_INDEX","","한국관광공사 대한민국 구석구석","사진 출처: 한국관광공사 대한민국 구석구석","2026-09-16","장소명 검색 결과 일치; 이미지 원본 한국관광공사 호스트; 이미지 GET/HEAD 확인; 원문: 상봉서원> 여행지 :대한민국 구석구석 상봉서원> 여행지 :대한민국 구석구석"
"26515","산청 이사재","https://cdn.visitkorea.or.kr/img/call?cmd=VIEW&id=2a0206d4-a561-48f8-9671-c07893cafd5d","https://korean.visitkorea.or.kr/detail/ms_detail_print.do?cotid=d1197ca9-07f1-4d65-af78-69753fbb25dd","TOURAPI_WEB_INDEX","","한국관광공사 대한민국 구석구석","사진 출처: 한국관광공사 대한민국 구석구석","2026-09-16","장소명 검색 결과 일치; 이미지 원본 한국관광공사 호스트; 이미지 GET/HEAD 확인; 원문: (인쇄용) 산청 이사재 | 대한민국 구석구석"
"26516","평창지동봉가옥","https://cdn.visitkorea.or.kr/img/call?cmd=VIEW&id=150c944d-dc3e-4577-bc29-32335c42191c","https://korean.visitkorea.or.kr/detail/ms_detail_print.do?cotid=a697672c-97b1-43aa-ba91-e61c73a2a747","TOURAPI_WEB_INDEX","","한국관광공사 대한민국 구석구석","사진 출처: 한국관광공사 대한민국 구석구석","2026-09-16","장소명 검색 결과 일치; 이미지 원본 한국관광공사 호스트; 이미지 GET/HEAD 확인; 원문: (인쇄용) 평창지동봉가옥 | 대한민국 구석구석"
"27412","홍천향교","https://cdn.visitkorea.or.kr/img/call?cmd=VIEW&id=d8961061-488b-474b-b948-3801a2e03ff7","https://korean.visitkorea.or.kr/detail/ms_detail.do?cotid=2d14da16-143f-4d1a-ae81-df05c89376a4","TOURAPI_WEB_INDEX","","한국관광공사 대한민국 구석구석","사진 출처: 한국관광공사 대한민국 구석구석","2026-09-16","장소명 검색 결과 일치; 이미지 원본 한국관광공사 호스트; 이미지 GET/HEAD 확인; 원문: 홍천향교> 여행지 :대한민국 구석구석 홍천향교> 여행지 :대한민국 구석구석"
"27623","성북선잠박물관","https://cdn.visitkorea.or.kr/img/call?cmd=VIEW&id=9f3a829b-7c78-48db-b8e3-2dfe63239e6e","https://korean.visitkorea.or.kr/detail/ms_detail.do?cotid=6f7ebdf3-bfdc-44d8-886d-569379fbde18","TOURAPI_WEB_INDEX","","한국관광공사 대한민국 구석구석","사진 출처: 한국관광공사 대한민국 구석구석","2026-09-16","장소명 검색 결과 일치; 이미지 원본 한국관광공사 호스트; 이미지 GET/HEAD 확인; 원문: 성북선잠박물관> 여행지 :대한민국 구석구석 성북선잠박물관> 여행지 :대한민국 구석구석"
"27631","채만식 문학관","https://cdn.visitkorea.or.kr/img/call?cmd=VIEW&id=9cfe2940-eadb-4c0d-a31b-96508068738b","https://korean.visitkorea.or.kr/detail/ms_detail.do?cotid=f3336c6b-ab5b-4097-815b-525e3974b69a","TOURAPI_WEB_INDEX","","한국관광공사 대한민국 구석구석","사진 출처: 한국관광공사 대한민국 구석구석","2026-09-16","장소명 검색 결과 일치; 이미지 원본 한국관광공사 호스트; 이미지 GET/HEAD 확인; 원문: 채만식 문학관> 여행지 | '열린 관광' 모두의 여행:대한민국 구석구석"
"27659","동강서원","https://cdn.visitkorea.or.kr/img/call?cmd=VIEW&id=e48ff6dd-95f5-4419-938f-028815584d86","https://korean.visitkorea.or.kr/detail/ms_detail_print.do?cotid=d775cf17-2654-461a-8f90-cc89afc0986f","TOURAPI_WEB_INDEX","","한국관광공사 대한민국 구석구석","사진 출처: 한국관광공사 대한민국 구석구석","2026-09-16","장소명 검색 결과 일치; 이미지 원본 한국관광공사 호스트; 이미지 GET/HEAD 확인; 원문: (인쇄용) 동강서원 | 대한민국 구석구석"
"27757","옥병서원","https://cdn.visitkorea.or.kr/img/call?cmd=VIEW&id=a5d658c0-86db-41f5-8cf8-83d435d96184","https://korean.visitkorea.or.kr/detail/ms_detail.do?cotid=fa65469f-f6e7-4bba-9bfa-da12f48f2f32","TOURAPI_WEB_INDEX","","한국관광공사 대한민국 구석구석","사진 출처: 한국관광공사 대한민국 구석구석","2026-09-16","장소명 검색 결과 일치; 이미지 원본 한국관광공사 호스트; 이미지 GET/HEAD 확인; 원문: 옥병서원> 여행지 :대한민국 구석구석 옥병서원> 여행지 :대한민국 구석구석"
"27798","귀암사","https://cdn.visitkorea.or.kr/img/call?cmd=VIEW&id=90c4460a-cd54-413f-8178-354a7ce360cb","https://korean.visitkorea.or.kr/detail/ms_detail.do?cotid=ede109bf-f9b5-44e7-959e-e4002813e25a","TOURAPI_WEB_INDEX","","한국관광공사 대한민국 구석구석","사진 출처: 한국관광공사 대한민국 구석구석","2026-09-16","장소명 검색 결과 일치; 이미지 원본 한국관광공사 호스트; 이미지 GET/HEAD 확인; 원문: 귀암사> 여행지 :대한민국 구석구석 귀암사> 여행지 :대한민국 구석구석"
"27991","함양향교","https://cdn.visitkorea.or.kr/img/call?cmd=VIEW&id=ef050412-5df8-4885-b824-4994b1c8166f","https://korean.visitkorea.or.kr/detail/ms_detail.do?cotid=2c4781a6-99c8-406b-bb61-3952b1e778be","TOURAPI_WEB_INDEX","","한국관광공사 대한민국 구석구석","사진 출처: 한국관광공사 대한민국 구석구석","2026-09-16","장소명 검색 결과 일치; 이미지 원본 한국관광공사 호스트; 이미지 GET/HEAD 확인; 원문: 함양향교> 여행지 :대한민국 구석구석 함양향교> 여행지 :대한민국 구석구석"
"28180","거제민속박물관","https://cdn.visitkorea.or.kr/img/call?cmd=VIEW&id=3a5e3893-8f90-450f-9e96-46364ea9e2cb","https://korean.visitkorea.or.kr/detail/ms_detail.do?cotid=d2ba25e4-a9fa-4bc5-a94e-4482f6fd464e","TOURAPI_WEB_INDEX","","한국관광공사 대한민국 구석구석","사진 출처: 한국관광공사 대한민국 구석구석","2026-09-16","장소명 검색 결과 일치; 이미지 원본 한국관광공사 호스트; 이미지 GET/HEAD 확인; 원문: 거제민속박물관> 여행지 :대한민국 구석구석 거제민속박물관> 여행지 :대한민국 구석구석"
"28208","라디오스타박물관","https://cdn.visitkorea.or.kr/img/call?cmd=VIEW&id=b1693fe7-1d98-477e-a80e-63eb74484f56","https://korean.visitkorea.or.kr/detail/ms_detail.do?cotid=d474b290-099c-4d88-8ce6-d52196e14746","TOURAPI_WEB_INDEX","","한국관광공사 대한민국 구석구석","사진 출처: 한국관광공사 대한민국 구석구석","2026-09-16","장소명 검색 결과 일치; 이미지 원본 한국관광공사 호스트; 이미지 GET/HEAD 확인; 원문: 라디오스타박물관> 여행지 | '열린 관광' 모두의 여행:대한민국 구석구석"
"28384","송호서원(합천)","https://cdn.visitkorea.or.kr/img/call?cmd=VIEW&id=aef31c9e-ba63-4bf5-8f84-564730a04cde","https://korean.visitkorea.or.kr/detail/ms_detail.do?cotid=8d78a7b8-f963-4039-9d14-51a59ef4cc6d","TOURAPI_WEB_INDEX","","한국관광공사 대한민국 구석구석","사진 출처: 한국관광공사 대한민국 구석구석","2026-09-16","장소명 검색 결과 일치; 이미지 원본 한국관광공사 호스트; 이미지 GET/HEAD 확인; 원문: 송호서원> 여행지 :대한민국 구석구석 송호서원> 여행지 :대한민국 구석구석"
"28635","성마루미술관","https://cdn.visitkorea.or.kr/img/call?cmd=VIEW&id=c6c7d24f-5369-4e17-b7b2-e772e0266c1b","https://korean.visitkorea.or.kr/detail/ms_detail_print.do?cotid=9ee42217-c2c0-4e1d-b8e2-4f8f2a08cca5","TOURAPI_WEB_INDEX","","한국관광공사 대한민국 구석구석","사진 출처: 한국관광공사 대한민국 구석구석","2026-09-16","장소명 검색 결과 일치; 이미지 원본 한국관광공사 호스트; 이미지 GET/HEAD 확인; 원문: (인쇄용) 성마루미술관 | 대한민국 구석구석"
"29016","명성산성(울음산성)","https://cdn.visitkorea.or.kr/img/call?cmd=VIEW&id=c4450313-44ad-44cb-a442-8ba1ddeac0bc","https://korean.visitkorea.or.kr/detail/ms_detail_print.do?cotid=f14461fd-4d2b-4faf-b55e-ca06290e2669","TOURAPI_WEB_INDEX","","한국관광공사 대한민국 구석구석","사진 출처: 한국관광공사 대한민국 구석구석","2026-09-16","장소명 검색 결과 일치; 이미지 원본 한국관광공사 호스트; 이미지 GET/HEAD 확인; 원문: (인쇄용) 명성산성(울음산성) | 대한민국 구석구석"
"29705","조은숙아트앤라이프스타일","https://cdn.visitkorea.or.kr/img/call?cmd=VIEW&id=493f25c8-5a65-461d-8b42-858fade2c7df","https://korean.visitkorea.or.kr/detail/ms_detail.do?cotid=47d7fed3-d7ae-43a9-a3aa-0546b7370956","TOURAPI_WEB_INDEX","","한국관광공사 대한민국 구석구석","사진 출처: 한국관광공사 대한민국 구석구석","2026-09-16","장소명 검색 결과 일치; 이미지 원본 한국관광공사 호스트; 이미지 GET/HEAD 확인; 원문: 조은숙아트앤라이프스타일> 여행지 :대한민국 구석구석 조은숙아트앤라이프스타일> 여행지 :대한민국 구석구석"
"30150","금산 백령성","https://cdn.visitkorea.or.kr/img/call?cmd=VIEW&id=ba23dd47-19fb-49ad-8713-b890a66aafbe","https://korean.visitkorea.or.kr/detail/ms_detail_print.do?cotid=1beb007e-f1f8-4fff-97c8-4ee9244684e5","TOURAPI_WEB_INDEX","","한국관광공사 대한민국 구석구석","사진 출처: 한국관광공사 대한민국 구석구석","2026-09-16","장소명 검색 결과 일치; 이미지 원본 한국관광공사 호스트; 이미지 GET/HEAD 확인; 원문: (인쇄용) 금산 백령성 | 대한민국 구석구석"
"30155","제천 청풍향교","https://cdn.visitkorea.or.kr/img/call?cmd=VIEW&id=b82e9472-62bf-434d-80d1-6b4ca8a26c03","https://korean.visitkorea.or.kr/detail/ms_detail_print.do?cotid=1e7104f8-626f-4cee-ac92-1cf6909f5b3e","TOURAPI_WEB_INDEX","","한국관광공사 대한민국 구석구석","사진 출처: 한국관광공사 대한민국 구석구석","2026-09-16","장소명 검색 결과 일치; 이미지 원본 한국관광공사 호스트; 이미지 GET/HEAD 확인; 원문: (인쇄용) 제천 청풍향교 | 대한민국 구석구석"
"30523","운곡서원","https://cdn.visitkorea.or.kr/img/call?cmd=VIEW&id=7489fc92-132c-4917-b8ca-bb1efdbc9b0c","https://korean.visitkorea.or.kr/detail/ms_detail.do?cotid=16f48a36-2d81-419c-bd6d-845e4874d61f","TOURAPI_WEB_INDEX","","한국관광공사 대한민국 구석구석","사진 출처: 한국관광공사 대한민국 구석구석","2026-09-16","장소명 검색 결과 일치; 이미지 원본 한국관광공사 호스트; 이미지 GET/HEAD 확인; 원문: 운곡서원> 여행지 :대한민국 구석구석 운곡서원> 여행지 :대한민국 구석구석"
"34108","양구전쟁기념관","https://cdn.visitkorea.or.kr/img/call?cmd=VIEW&id=f3179122-c645-4fa2-83e2-8a60f94fa55d","https://korean.visitkorea.or.kr/detail/ms_detail.do?cotid=16a5d138-a634-47d1-9d28-08f78c1249f6","TOURAPI_WEB_INDEX","","한국관광공사 대한민국 구석구석","사진 출처: 한국관광공사 대한민국 구석구석","2026-09-16","장소명 검색 결과 일치; 이미지 원본 한국관광공사 호스트; 이미지 GET/HEAD 확인; 원문: 양구전쟁기념관> 여행지 | '열린 관광' 모두의 여행:대한민국 구석구석"
"38581","영일민속박물관","https://cdn.visitkorea.or.kr/img/call?cmd=VIEW&id=6c40bebe-1cab-4914-83ae-1b3aad93e636","https://korean.visitkorea.or.kr/detail/ms_detail.do?cotid=0782ae60-6462-48e8-973c-0012645d8b97","TOURAPI_WEB_INDEX","","한국관광공사 대한민국 구석구석","사진 출처: 한국관광공사 대한민국 구석구석","2026-09-16","장소명 검색 결과 일치; 이미지 원본 한국관광공사 호스트; 이미지 GET/HEAD 확인; 원문: 영일민속박물관> 여행지 :대한민국 구석구석 영일민속박물관> 여행지 :대한민국 구석구석"
"39157","영인산산림박물관","https://cdn.visitkorea.or.kr/img/call?cmd=VIEW&id=ab0538a3-8c45-4465-95b4-6cf17cc0af94","https://korean.visitkorea.or.kr/detail/ms_detail_print.do?cotid=a836a544-7e9f-4b4f-9a53-67eef0bdcfd7","TOURAPI_WEB_INDEX","","한국관광공사 대한민국 구석구석","사진 출처: 한국관광공사 대한민국 구석구석","2026-09-16","장소명 검색 결과 일치; 이미지 원본 한국관광공사 호스트; 이미지 GET/HEAD 확인; 원문: (인쇄용) 영인산산림박물관 | 대한민국 구석구석"
"40058","안회당과 여하정","https://cdn.visitkorea.or.kr/img/call?cmd=VIEW&id=e0455bed-1cae-47cc-9f8c-210bb6dd1da0","https://korean.visitkorea.or.kr/detail/ms_detail_print.do?cotid=cc3a4d7f-7017-4366-b142-39a76e00017b","TOURAPI_WEB_INDEX","","한국관광공사 대한민국 구석구석","사진 출처: 한국관광공사 대한민국 구석구석","2026-09-16","장소명 검색 결과 일치; 이미지 원본 한국관광공사 호스트; 이미지 GET/HEAD 확인; 원문: (인쇄용) 안회당과 여하정 | 대한민국 구석구석"
"40061","최영장군 사당","https://cdn.visitkorea.or.kr/img/call?cmd=VIEW&id=8d393615-8ebb-4f44-bf76-90ffde362c12","https://korean.visitkorea.or.kr/detail/ms_detail.do?cotid=a7d8be9e-1bad-4b61-85cf-95660c08aa47","TOURAPI_WEB_INDEX","","한국관광공사 대한민국 구석구석","사진 출처: 한국관광공사 대한민국 구석구석","2026-09-16","장소명 검색 결과 일치; 이미지 원본 한국관광공사 호스트; 이미지 GET/HEAD 확인; 원문: 최영장군 사당> 여행지 :대한민국 구석구석 최영장군 사당> 여행지 :대한민국 구석구석"
"43268","예끼마을","https://cdn.visitkorea.or.kr/img/call?cmd=VIEW&id=2978b67c-5b43-431d-87bb-8204dd0ca364","https://korean.visitkorea.or.kr/detail/ms_detail_print.do?cotid=6986daf3-599e-45a5-9be6-19344b9928c7","TOURAPI_WEB_INDEX","","한국관광공사 대한민국 구석구석","사진 출처: 한국관광공사 대한민국 구석구석","2026-09-16","장소명 검색 결과 일치; 이미지 원본 한국관광공사 호스트; 이미지 GET/HEAD 확인; 원문: (인쇄용) 예끼마을 | 대한민국 구석구석"
"46047","영월화석박물관","https://cdn.visitkorea.or.kr/img/call?cmd=VIEW&id=20750f7b-f954-41c0-b5a8-4b57938775f7","https://korean.visitkorea.or.kr/detail/ms_detail.do?cotid=6d60fce2-3745-4c1a-8425-c3debe4bd5fb","TOURAPI_WEB_INDEX","","한국관광공사 대한민국 구석구석","사진 출처: 한국관광공사 대한민국 구석구석","2026-09-16","장소명 검색 결과 일치; 이미지 원본 한국관광공사 호스트; 이미지 GET/HEAD 확인; 원문: 영월화석박물관> 여행지 :대한민국 구석구석 영월화석박물관> 여행지 :대한민국 구석구석"
"46304","용암정(안동)","https://cdn.visitkorea.or.kr/img/call?cmd=VIEW&id=04ff79f2-b839-42c3-964e-1ebfb478e585","https://korean.visitkorea.or.kr/detail/ms_detail.do?cotid=2b536876-8883-4d20-83da-3f01bbf606ff","TOURAPI_WEB_INDEX","","한국관광공사 대한민국 구석구석","사진 출처: 한국관광공사 대한민국 구석구석","2026-09-16","장소명 검색 결과 일치; 이미지 원본 한국관광공사 호스트; 이미지 GET/HEAD 확인; 원문: 용암정(안동)> 여행지 :대한민국 구석구석 용암정(안동)> 여행지 :대한민국 구석구석"
"46375","명탄서원","https://cdn.visitkorea.or.kr/img/call?cmd=VIEW&id=12f803bb-5402-4747-8847-098426ec862b","https://korean.visitkorea.or.kr/detail/ms_detail_print.do?cotid=4735e4ca-e0e7-4f61-a7a1-abdf86499add","TOURAPI_WEB_INDEX","","한국관광공사 대한민국 구석구석","사진 출처: 한국관광공사 대한민국 구석구석","2026-09-16","장소명 검색 결과 일치; 이미지 원본 한국관광공사 호스트; 이미지 GET/HEAD 확인; 원문: (인쇄용) 명탄서원 | 대한민국 구석구석"
"46944","철원 농산물검사소","https://cdn.visitkorea.or.kr/img/call?cmd=VIEW&id=769473eb-04ef-4fb8-b165-eeb7a290e792","https://korean.visitkorea.or.kr/detail/ms_detail.do?cotid=d79fae3e-1eb9-428b-aadb-f7408cfbc045","TOURAPI_WEB_INDEX","","한국관광공사 대한민국 구석구석","사진 출처: 한국관광공사 대한민국 구석구석","2026-09-16","장소명 검색 결과 일치; 이미지 원본 한국관광공사 호스트; 이미지 GET/HEAD 확인; 원문: 철원 농산물검사소 > 여행지 :대한민국 구석구석 철원 농산물검사소 > 여행지 :대한민국 구석구석"
